date,port,t_numeric,total_calls,container_ratio,total_incoming_dwt,total_outgoing_dwt,net_dwt_flow,congestion_score,queue_buildup_7d,calls_container,calls_dry_bulk,calls_roro,calls_tanker,calls_general_cargo,incoming_dwt_container,incoming_dwt_dry_bulk,incoming_dwt_roro,incoming_dwt_tanker,weather_risk_score,storm_alert,disruption_flag,disruption_count,state,state_numeric,anomaly_container,anomaly_dry_bulk,anomaly_roro,anomaly_tanker,anomaly_general_cargo
2023-01-01,Busan,0.0,56,0.5964912280701754,257132,101834,155298,2.524986497765994,396442.0,34,2,1,8,11,219945,10131,178,14262,0.0,0.0,0,0,S3,3,0,0,0,0,0
2023-01-01,Rotterdam,0.0,53,0.2037037037037037,943039,80235,862804,11.753315220100703,3580904.0,11,2,3,26,11,196049,247903,6755,484387,0.0,0.0,0,0,S3,3,0,0,0,0,0
2023-01-02,Antwerp,1.0,59,0.11666666666666667,493922,176174,317748,2.8035873421314035,598085.0,7,5,1,36,10,260973,93974,0,131576,0.0,0.0,0,0,S3,3,0,0,0,0,0
2023-01-07,Hamburg,6.0,11,0.5833333333333334,303129,58199,244930,5.20840206185567,515641.0,7,2,0,1,1,225079,78050,0,0,0.0,0.0,0,0,S3,3,0,0,0,0,0
2023-01-09,Shanghai,8.0,143,0.3055555555555556,1297375,556246,741129,2.3323721296474407,1521790.0,44,44,4,35,16,330134,839413,414,109046,0.0,0.0,0,0,S3,3,1,1,0,0,0
2023-01-13,Shanghai,12.0,4,0.0,14906,3095,11811,4.814599483204135,255921.0,0,1,2,1,0,0,3449,414,11043,0.0,0.0,0,0,S3,3,0,0,0,0,0
2023-01-14,Busan,13.0,48,0.6530612244897959,227769,86721,141048,2.626426973547658,78817.0,32,2,1,6,7,138458,76143,178,5919,0.0,0.0,0,0,S3,3,0,0,0,0,0
2023-01-17,Busan,16.0,56,0.6491228070175439,222129,93165,128964,2.384228151900908,255028.0,37,1,0,6,12,198478,380,0,7754,0.0,0.0,0,0,S3,3,0,0,0,0,0
2023-01-18,Hamburg,17.0,18,0.5789473684210527,440591,60194,380397,7.319395298612841,492838.0,11,1,0,4,2,280244,86950,0,73397,0.0,0.0,0,0,S3,3,0,0,0,0,0
2023-01-21,Singapore,20.0,99,0.41,1277608,691342,586266,1.8480088754785975,1158731.0,41,1,1,52,4,546718,19614,0,710312,0.0,0.0,0,0,S3,3,0,0,0,0,0
2023-01-22,Hamburg,21.0,16,0.29411764705882354,125600,21794,103806,5.762789630649231,569544.0,5,0,0,5,6,118522,0,0,2734,0.0,0.0,0,0,S3,3,0,0,0,0,0
2023-01-29,Rotterdam,28.0,88,0.23595505617977527,1238746,174306,1064440,7.1066910680580815,2874345.0,21,6,3,38,20,196936,316616,955,705488,0.0,0.0,0,0,S3,3,0,0,0,0,1
2023-01-30,Nhava Sheva,29.0,18,0.21052631578947367,258385,20058,238327,12.881250311580837,458485.0,4,4,1,2,7,194918,48543,0,11514,0.0,0.0,0,0,S3,3,0,0,0,0,0
2023-01-30,Shanghai,29.0,107,0.3148148148148148,1269374,494819,774555,2.5653247645608506,1389853.0,34,38,2,19,14,648285,509985,0,77850,0.0,0.0,0,0,S3,3,0,1,0,0,0
2023-01-31,Hamburg,30.0,17,0.4444444444444444,186994,31131,155863,6.006488500578183,515597.0,8,1,1,4,3,29724,145597,0,6689,0.0,0.0,0,0,S3,3,0,0,0,0,0
2023-01-31,Singapore,30.0,117,0.3728813559322034,1708507,714920,993587,2.389784325820615,815842.0,44,3,2,64,4,1297099,18945,0,389571,0.0,0.0,0,0,S3,3,1,0,0,1,0
2023-02-03,Shanghai,33.0,104,0.2761904761904762,997586,353473,644113,2.8222330355273657,2290266.0,29,31,4,25,15,152755,681409,900,122699,0.0,0.0,0,0,S3,3,0,1,0,0,0
2023-02-04,Shanghai,34.0,122,0.21951219512195122,1371590,504650,866940,2.717898111764368,2834757.0,27,44,5,24,22,517492,718110,828,108563,0.0,0.0,0,0,S3,3,0,1,0,0,1
2023-02-08,Shanghai,38.0,110,0.34234234234234234,1044916,411103,633813,2.5417315326535377,3590515.0,38,37,5,19,11,314176,583649,1962,143121,0.0,0.0,0,0,S3,3,0,1,0,0,0
2023-02-12,Busan,42.0,55,0.6428571428571429,479114,106487,372627,4.499229960183307,289656.0,36,2,1,6,10,455317,8014,178,8581,0.0,0.0,0,0,S3,3,0,0,0,0,0
2023-02-13,Nhava Sheva,43.0,20,0.14285714285714285,304262,6208,298054,20.0,782712.0,3,6,0,2,9,248975,39670,0,12352,0.0,0.0,0,0,S3,3,0,0,0,0,0
2023-02-17,Busan,47.0,58,0.5932203389830508,235534,65859,169675,3.576283024597631,520759.0,35,2,0,10,11,205395,1190,0,20146,0.0,0.0,0,0,S3,3,0,0,0,0,0
2023-02-17,Rotterdam,47.0,97,0.20408163265306123,887563,161458,726105,5.497141689221412,3875787.0,20,2,5,58,12,259267,35701,3227,574008,0.0,0.0,0,0,S3,3,0,0,0,0,0
2023-02-20,Rotterdam,50.0,80,0.18518518518518517,730930,133547,597383,5.473163207236349,2850990.0,15,3,7,40,15,82980,139906,5726,486468,0.0,0.0,0,0,S3,3,0,0,1,0,0
2023-02-21,Hamburg,51.0,15,0.5,360412,61103,299309,5.898337261063106,18256.0,8,0,0,2,5,343066,0,0,14549,0.0,0.0,0,0,S3,3,0,0,0,0,0
2023-02-22,Singapore,52.0,133,0.30597014925373134,1663009,874338,788671,1.9020185534443734,1481369.0,41,2,2,82,6,705605,21209,1381,929800,0.0,0.0,0,0,S3,3,0,0,0,1,0
2023-02-23,Busan,53.0,66,0.5671641791044776,404077,176527,227550,2.2890249705429166,350010.0,38,3,1,12,12,360095,5674,0,29046,0.0,0.0,0,0,S3,3,0,0,0,0,0
2023-02-25,Rotterdam,55.0,93,0.1702127659574468,1074261,159456,914805,6.736994926531918,2742513.0,16,7,7,50,13,352865,355319,2580,358443,0.0,0.0,0,0,S3,3,0,0,1,0,0
2023-02-26,Singapore,56.0,129,0.3,1486031,778789,707242,1.908127993425699,1398454.0,39,3,3,76,8,1141045,0,0,336150,0.0,0.0,0,0,S3,3,0,0,0,1,0
2023-02-27,Singapore,57.0,135,0.3014705882352941,1489092,737431,751661,2.0192939823604075,2113976.0,41,4,6,76,8,892147,9876,5169,576161,0.0,0.0,0,0,S3,3,0,0,0,1,0
2023-03-01,Busan,59.0,66,0.6865671641791045,478402,151576,326826,3.1561648535067985,788604.0,46,1,1,10,8,445137,2334,0,23440,0.0,0.0,0,0,S3,3,1,0,0,0,0
2023-03-01,Singapore,59.0,134,0.31851851851851853,1853175,770609,1082566,2.4048156655117374,2554224.0,43,2,2,85,2,1074383,16337,252,762203,0.3,0.0,0,0,S3,3,1,0,0,1,0
2023-03-04,Antwerp,62.0,51,0.19230769230769232,432661,185409,247252,2.33353648670514,163275.0,10,0,0,32,9,200993,0,0,225252,0.0,0.0,0,0,S3,3,0,0,0,0,0
2023-03-04,Shanghai,62.0,104,0.3142857142857143,918679,396205,522474,2.318690277280001,1699639.0,33,37,6,15,13,281774,546875,3166,70399,0.0,0.0,0,0,S3,3,0,1,0,0,0
2023-03-06,Busan,64.0,71,0.5277777777777778,324149,105042,219107,3.085869596260579,592609.0,38,3,3,17,10,164126,7612,357,142873,0.0,0.0,0,0,S3,3,0,0,0,0,0
2023-03-07,Nhava Sheva,65.0,20,0.23809523809523808,284066,22326,261740,12.72298114390648,1173731.0,5,4,0,4,7,217411,3104,0,61329,0.0,0.0,0,0,S3,3,0,0,0,0,0
2023-03-09,Rotterdam,67.0,98,0.2828282828282828,1554194,215190,1339004,7.222393129824202,4380820.0,28,2,6,46,16,102996,202514,0,1238791,0.0,0.0,0,0,S3,3,0,0,0,0,0
2023-03-12,Rotterdam,70.0,80,0.19753086419753085,808291,135276,673015,5.9750807602179234,3980696.0,16,4,4,44,12,58983,82723,1592,654811,0.0,0.0,0,0,S3,3,0,0,0,0,0
2023-03-15,Hamburg,73.0,18,0.42105263157894735,269958,46766,223192,5.772403617935724,518931.0,8,1,0,5,4,136912,43764,0,81703,0.0,0.0,0,0,S3,3,0,0,0,0,0
2023-03-15,Singapore,73.0,122,0.35772357723577236,1653627,911531,742096,1.8141184291939285,778122.0,44,2,2,67,7,775795,8168,0,864284,0.0,0.0,0,0,S3,3,1,0,0,1,0
2023-03-17,Nhava Sheva,75.0,21,0.2727272727272727,403826,34340,369486,11.75929646777904,909249.0,6,3,0,4,8,193425,27791,0,177445,0.0,0.0,0,0,S3,3,0,0,0,0,0
2023-03-18,Busan,76.0,73,0.6891891891891891,432905,161553,271352,2.6796303403196453,288477.0,51,1,3,7,11,399146,5293,495,16069,0.0,0.0,0,0,S3,3,1,0,0,0,0
2023-03-19,Hamburg,77.0,16,0.5294117647058824,296857,55216,241641,5.376188492674357,495872.0,9,0,0,1,6,294641,0,0,0,0.0,0.0,0,0,S3,3,0,0,0,0,0
2023-03-20,Nhava Sheva,78.0,31,0.21875,578682,54737,523945,10.57185136468267,1235180.0,7,5,0,6,13,351735,16246,0,201136,0.0,0.0,0,0,S3,3,0,0,0,0,0
2023-03-21,Shanghai,79.0,60,0.19672131147540983,620071,225926,394145,2.7445635094521683,846996.0,12,22,1,20,5,270299,300914,0,47421,0.0,0.0,0,0,S3,3,0,0,0,0,0
2023-03-21,Singapore,79.0,124,0.272,1895254,934468,960786,2.028161447838291,1329456.0,34,2,4,75,9,1051755,21209,0,816886,0.0,0.0,0,0,S3,3,0,0,0,1,0
2023-03-23,Singapore,81.0,115,0.3103448275862069,1425259,708664,716595,2.0111886434351915,1549986.0,36,3,4,68,4,969108,10441,3787,438531,0.0,0.0,0,0,S3,3,0,0,0,1,0
2023-03-24,Rotterdam,82.0,92,0.25806451612903225,1117796,196353,921443,5.69275899650631,3620194.0,24,3,6,45,14,321742,61580,1900,723205,0.0,0.0,0,0,S3,3,0,0,0,0,0
2023-03-25,Busan,83.0,59,0.7,425872,183920,241952,2.315515900848734,410224.0,42,2,2,7,6,403811,5293,178,10059,0.0,0.0,0,0,S3,3,0,0,0,0,0
2023-03-29,Antwerp,87.0,57,0.20689655172413793,447074,137953,309121,3.240746915638546,-23760.0,12,1,3,35,6,187661,5536,0,244144,0.0,0.0,0,0,S3,3,0,0,0,0,0
2023-03-31,Rotterdam,89.0,76,0.16883116883116883,740719,98546,642173,7.516403340538018,2544771.0,13,3,5,45,10,138519,143815,363,451634,0.0,0.0,0,0,S3,3,0,0,0,0,0
2023-04-02,Antwerp,91.0,45,0.3695652173913043,649226,266099,383127,2.43978203682826,455333.0,17,0,0,20,8,459929,0,0,179194,0.0,0.0,0,0,S3,3,0,0,0,0,0
2023-04-02,Busan,91.0,40,0.7560975609756098,291103,104746,186357,2.779105845513475,61304.0,31,0,1,4,4,277196,0,178,10339,0.0,0.0,0,0,S3,3,0,0,0,0,0
2023-04-06,Singapore,95.0,125,0.3333333333333333,1670595,892853,777742,1.8710729861769113,1559752.0,42,4,2,72,5,930401,8168,1687,727044,0.0,0.0,0,0,S3,3,0,0,0,1,0
2023-04-09,Rotterdam,98.0,71,0.2638888888888889,830704,120256,710448,6.907739258421548,3477345.0,19,1,5,34,12,125083,73457,4007,612318,0.0,0.0,0,0,S3,3,0,0,0,0,0
2023-04-10,Nhava Sheva,99.0,19,0.3,360221,1093,359128,20.0,1076053.0,6,3,0,3,7,292081,2900,0,62793,0.0,0.0,0,0,S3,3,0,0,0,0,0
2023-04-10,Singapore,99.0,117,0.2627118644067797,1501342,606306,895036,2.476207597801114,3565832.0,31,0,5,73,8,768642,0,252,720387,0.0,0.0,0,0,S3,3,0,0,0,1,0
2023-04-11,Busan,100.0,51,0.6346153846153846,227744,97025,130719,2.3472471296353556,405867.0,33,0,0,11,7,191282,0,0,29007,0.0,0.0,0,0,S3,3,0,0,0,0,0
2023-04-12,Antwerp,101.0,58,0.2033898305084746,503588,199226,304362,2.5277095975947037,444747.0,12,2,4,38,2,251789,18472,2052,230544,0.0,0.0,0,0,S3,3,0,0,0,0,0
2023-04-13,Shanghai,102.0,139,0.3142857142857143,1640950,461568,1179382,3.5551564338159625,2797900.0,44,37,6,32,20,690841,791172,2888,134642,0.0,0.0,0,0,S3,3,1,1,0,0,1
2023-04-14,Rotterdam,103.0,83,0.2619047619047619,881895,154836,727059,5.6956347643005225,3992073.0,22,3,8,40,10,187025,68722,338,623988,0.0,0.0,0,0,S3,3,0,0,1,0,0
2023-04-15,Shanghai,104.0,85,0.3488372093023256,866151,318908,547243,2.7159816750232824,3174524.0,30,23,3,15,14,374176,364992,1458,99737,0.0,0.0,0,0,S3,3,0,0,0,0,0
2023-04-17,Shanghai,106.0,87,0.26136363636363635,731587,270025,461562,2.7093205839437684,2631310.0,23,31,2,20,11,188318,491801,1548,38727,0.0,0.0,0,0,S3,3,0,1,0,0,0
2023-04-23,Shanghai,112.0,110,0.3153153153153153,1152488,461033,691455,2.4997896033698166,2026531.0,35,39,6,16,14,744264,292336,1920,95850,0.0,0.0,0,0,S3,3,0,1,0,0,0
2023-05-03,Busan,122.0,55,0.5714285714285714,359610,68923,290687,5.21748592652777,219205.0,32,2,1,8,12,333052,1604,178,9283,0.0,0.0,0,0,S3,3,0,0,0,0,0
2023-05-05,Busan,124.0,20,0.5714285714285714,99606,34823,64783,2.86026878015162,379148.0,12,3,0,3,2,83048,7627,0,7754,0.3,0.0,0,0,S3,3,0,0,0,0,0
2023-05-05,Shanghai,124.0,127,0.3515625,1113156,424096,689060,2.624767447069892,667657.0,45,32,8,28,14,318500,687074,2070,70463,0.0,0.0,0,0,S3,3,1,1,1,0,0
2023-05-05,Singapore,124.0,118,0.3025210084033613,1306859,658510,648349,1.9845666966838822,651597.0,36,1,6,69,6,954667,0,0,349872,0.0,0.0,0,0,S3,3,0,0,0,1,0
2023-05-06,Shanghai,125.0,123,0.33064516129032256,1489015,552534,936481,2.6948790574352754,1415178.0,41,39,8,17,18,480445,829314,1656,124907,0.0,0.0,0,0,S3,3,0,1,1,0,1
2023-05-08,Nhava Sheva,127.0,25,0.11538461538461539,270443,13782,256661,19.621490241601972,1186119.0,3,3,0,8,11,155916,42866,0,54223,0.0,0.0,0,0,S3,3,0,0,0,0,0
2023-05-11,Nhava Sheva,130.0,25,0.23076923076923078,231371,23033,208338,10.044759920118086,1225897.0,6,6,1,4,8,154713,59223,0,7656,0.0,0.0,0,0,S3,3,0,0,0,0,0
2023-05-13,Rotterdam,132.0,82,0.2289156626506024,950766,141572,809194,6.715729694221356,3675346.0,19,6,7,42,8,382333,309025,2345,245804,0.0,0.0,0,0,S3,3,0,0,1,0,0
2023-05-15,Nhava Sheva,134.0,24,0.28,359864,14136,345728,20.0,1088451.0,7,5,0,4,8,176754,65439,0,114607,0.0,0.0,0,0,S3,3,0,0,0,0,0
2023-05-17,Hamburg,136.0,13,0.5,416562,53027,363535,7.85551029644716,615555.0,7,2,0,3,1,267190,71193,0,78179,0.0,0.0,0,0,S3,3,0,0,0,0,0
2023-05-18,Rotterdam,137.0,94,0.22105263157894736,847442,142880,704562,5.931103505714546,3007675.0,21,5,5,47,16,53747,273058,363,495385,0.0,0.0,0,0,S3,3,0,0,0,0,0
2023-05-19,Shanghai,138.0,86,0.3333333333333333,1302384,325106,977278,4.006016480727883,1613265.0,29,31,4,16,6,359730,781281,414,149731,0.0,0.0,0,0,S3,3,0,1,0,0,0
2023-05-20,Hamburg,139.0,10,0.45454545454545453,97768,15466,82302,6.321070666580462,775106.0,5,0,0,1,4,58792,0,0,38976,0.0,0.0,0,0,S3,3,0,0,0,0,0
2023-05-20,Rotterdam,139.0,78,0.189873417721519,1220338,210141,1010197,5.807206555567188,3039371.0,15,5,6,44,8,109504,188979,1392,918834,0.0,0.0,0,0,S3,3,0,0,0,0,0
2023-05-20,Shanghai,139.0,92,0.3978494623655914,868111,372072,496039,2.3331738664186865,2260042.0,37,25,5,14,11,353100,436104,1242,62501,0.0,0.0,0,0,S3,3,0,0,0,0,0
2023-05-21,Busan,140.0,51,0.5961538461538461,232127,83801,148326,2.7699458246819884,331799.0,31,1,1,8,10,194249,0,178,29053,0.0,0.0,0,0,S3,3,0,0,0,0,0
2023-05-21,Singapore,140.0,108,0.3394495412844037,1252254,638053,614201,1.9626144495606954,665981.0,37,0,4,63,4,876181,0,0,366860,0.0,0.0,0,0,S3,3,0,0,0,0,0
2023-05-22,Nhava Sheva,141.0,21,0.2727272727272727,397291,35575,361716,11.167388126827074,639775.0,6,4,0,2,9,139882,85009,0,163998,0.0,0.0,0,0,S3,3,0,0,0,0,0
2023-05-23,Nhava Sheva,142.0,23,0.2916666666666667,346110,36489,309621,9.48506440120581,902965.0,7,5,0,3,8,73726,110234,0,159271,0.0,0.0,0,0,S3,3,0,0,0,0,0
2023-05-24,Antwerp,143.0,61,0.24193548387096775,664023,258637,405386,2.567383756447235,44767.0,15,1,2,33,10,410175,29315,0,217538,0.0,0.0,0,0,S3,3,0,0,0,0,0
2023-05-28,Singapore,147.0,114,0.3652173913043478,1445461,797864,647597,1.811661120615643,1646347.0,42,1,4,64,3,821235,12400,252,609646,0.0,0.0,0,0,S3,3,0,0,0,1,0
2023-05-29,Nhava Sheva,148.0,24,0.12,286016,28106,257910,10.17597039883303,1285124.0,3,4,1,4,12,24901,140279,0,114699,0.0,0.0,0,0,S3,3,0,0,0,0,0
2023-05-29,Rotterdam,148.0,81,0.1951219512195122,888574,148156,740418,5.997516148410132,3807267.0,16,4,5,37,19,82711,171890,2720,622690,0.0,0.0,0,0,S3,3,0,0,0,0,1
2023-06-02,Busan,152.0,56,0.5263157894736842,373677,91295,282382,4.093027076761304,44823.0,30,3,0,14,9,303101,31683,0,33443,0.0,0.0,0,0,S3,3,0,0,0,0,0
2023-06-03,Rotterdam,153.0,94,0.2,1322047,248661,1073386,5.316642671578287,4530093.0,19,5,5,53,12,129449,38569,0,1151476,0.0,0.0,0,0,S3,3,0,0,0,0,0
2023-06-15,Antwerp,165.0,64,0.26153846153846155,749458,297827,451631,2.516412157352566,680071.0,17,0,3,35,9,543496,0,7118,193562,0.0,0.0,0,0,S3,3,0,0,0,0,0
2023-06-17,Busan,167.0,64,0.6461538461538462,485317,167800,317517,2.8922175672373824,-76311.0,42,1,1,8,12,463014,0,178,13765,0.0,0.0,0,0,S3,3,0,0,0,0,0
2023-06-17,Rotterdam,167.0,90,0.23076923076923078,1019463,129937,889526,7.845764903261555,2760534.0,21,3,6,51,9,331464,142226,386,542601,0.0,0.0,0,0,S3,3,0,0,0,0,0
2023-06-17,Shanghai,167.0,107,0.3148148148148148,1024300,420345,603955,2.436802063062334,1533267.0,34,34,6,19,14,486261,434925,2735,77633,0.0,0.0,0,0,S3,3,0,1,0,0,0
2023-06-19,Nhava Sheva,169.0,29,0.2,314517,26364,288153,11.929338137682533,701760.0,6,7,0,5,11,80737,151902,0,71150,0.0,0.0,0,0,S3,3,0,0,0,0,0
2023-06-29,Hamburg,179.0,16,0.5882352941176471,251241,47358,203883,5.305031778542621,422077.0,10,0,0,2,4,236899,0,0,10658,0.0,0.0,0,0,S3,3,0,0,0,0,0
2023-07-07,Busan,187.0,50,0.6470588235294118,226705,94972,131733,2.387046844892759,374122.0,33,1,0,3,13,204772,0,0,9629,0.0,0.0,0,0,S3,3,0,0,0,0,0
2023-07-09,Antwerp,189.0,51,0.1346153846153846,242082,75668,166414,3.199222931451453,-37466.0,7,3,2,30,9,133377,14815,1807,86715,0.0,0.0,0,0,S3,3,0,0,0,0,0
2023-07-10,Rotterdam,190.0,96,0.2268041237113402,1333851,238245,1095606,5.598629148023472,3240535.0,22,1,9,50,14,94918,72023,5369,1155555,0.0,0.0,0,0,S3,3,0,0,1,0,0
2023-07-11,Busan,191.0,68,0.4927536231884058,275271,100728,174543,2.732787975657457,292824.0,34,4,0,12,18,203114,37408,0,16932,0.0,0.0,0,0,S3,3,0,0,0,0,1
2023-07-11,Rotterdam,191.0,85,0.16279069767441862,756633,134350,622283,5.631763068380585,3593324.0,14,3,7,44,17,177731,96200,0,475950,0.0,0.0,0,0,S3,3,0,0,1,0,1
2023-07-13,Shanghai,193.0,106,0.3177570093457944,1126832,418780,708052,2.6907428942573803,1991080.0,34,30,3,23,16,530004,481549,414,99742,0.0,0.0,0,0,S3,3,0,1,0,0,0
2023-07-15,Nhava Sheva,195.0,15,0.1875,202812,3251,199561,20.0,916946.0,3,2,0,2,8,110084,21976,0,64440,0.0,0.0,0,0,S3,3,0,0,0,0,0
2023-07-16,Busan,196.0,50,0.7647058823529411,300351,116928,183423,2.5686613243934353,311119.0,39,1,0,4,6,286896,576,0,8931,0.0,0.0,0,0,S3,3,0,0,0,0,0
2023-07-21,Singapore,201.0,138,0.2949640287769784,1889346,849301,1040045,2.2245867783191375,1321901.0,41,0,5,87,5,994406,0,0,888685,0.0,0.0,0,0,S3,3,0,0,0,1,0
2023-07-23,Singapore,203.0,124,0.336,1673318,811392,861926,2.0622780822610007,1818939.0,42,2,5,72,3,764246,8168,2618,897322,0.0,0.0,0,0,S3,3,0,0,0,1,0
2023-07-27,Hamburg,207.0,14,0.6,243110,29453,213657,8.253887417668228,-85463.0,9,2,0,2,1,165738,37098,0,40274,0.0,0.0,0,0,S3,3,0,0,0,0,0
2023-08-01,Rotterdam,212.0,80,0.2839506172839506,1122382,199417,922965,5.628288319008314,3485088.0,23,3,7,32,15,237709,132486,367,738889,0.0,0.0,0,0,S3,3,0,0,1,0,0
2023-08-02,Singapore,213.0,114,0.33043478260869563,1544400,771240,773160,2.0024869009816646,1410730.0,38,2,5,68,1,1252671,0,1632,288667,0.0,0.0,0,0,S3,3,0,0,0,1,0
2023-08-06,Busan,217.0,50,0.49019607843137253,229569,58660,170909,3.913485961712211,571910.0,25,5,1,9,10,190223,7271,178,23049,0.0,0.0,0,0,S3,3,0,0,0,0,0
2023-08-06,Rotterdam,217.0,73,0.22972972972972974,504424,82773,421651,6.093990866697272,3531273.0,17,4,5,33,14,61689,144776,1909,285979,0.0,0.0,0,0,S3,3,0,0,0,0,0
2023-08-07,Nhava Sheva,218.0,27,0.21428571428571427,249834,18786,231048,13.29823814339703,748984.0,6,4,0,7,10,125348,46941,0,69296,0.0,0.0,0,0,S3,3,0,0,0,0,0
2023-08-13,Busan,224.0,57,0.5862068965517241,363402,150429,212973,2.415754836136409,361712.0,34,2,2,6,13,269159,65909,357,10752,0.0,0.0,0,0,S3,3,0,0,0,0,0
2023-08-13,Singapore,224.0,121,0.3114754098360656,1674013,921648,752365,1.816323784868209,806675.0,38,3,7,67,6,943812,21043,252,704546,0.0,0.0,0,0,S3,3,0,0,1,1,0
2023-08-14,Hamburg,225.0,24,0.56,309769,41410,268359,7.480355461109367,502383.0,14,1,1,5,3,233273,60459,303,11375,0.0,0.0,0,0,S3,3,0,0,0,0,0
2023-08-15,Shanghai,226.0,118,0.31932773109243695,922661,355560,567101,2.5949443274149866,1716055.0,38,43,5,20,12,337817,512690,4163,51833,0.0,0.0,0,0,S3,3,0,1,0,0,0
2023-08-18,Nhava Sheva,229.0,16,0.11764705882352941,329708,18814,310894,17.52367791655594,630879.0,2,5,0,2,7,150367,120387,0,53789,0.0,0.0,0,0,S3,3,0,0,0,0,0
2023-08-19,Antwerp,230.0,51,0.25,458939,53448,405491,8.586484312148029,136628.0,13,3,1,28,6,282819,67382,358,106515,0.0,0.0,0,0,S3,3,0,0,0,0,0
2023-08-19,Shanghai,230.0,74,0.29333333333333333,1048769,199633,849136,5.253458829658275,1428246.0,22,23,2,17,10,182927,734918,407,111936,0.0,0.0,0,0,S3,3,0,0,0,0,0
2023-08-20,Antwerp,231.0,64,0.16923076923076924,770143,237281,532862,3.2456865670383763,790777.0,11,1,1,41,10,526259,53803,0,176923,0.0,0.0,0,0,S3,3,0,0,0,0,0
2023-08-22,Nhava Sheva,233.0,19,0.25,324813,6351,318462,20.0,1175492.0,5,6,1,1,6,138210,170946,0,4923,0.0,0.0,0,0,S3,3,0,0,0,0,0
2023-08-23,Singapore,234.0,113,0.39473684210526316,1256014,683108,572906,1.838672891149143,1884792.0,45,0,3,62,3,759778,0,1433,494671,0.0,0.0,0,0,S3,3,1,0,0,0,0
2023-08-24,Shanghai,235.0,125,0.29365079365079366,1191503,459438,732065,2.5933867172791163,2495340.0,37,37,6,26,19,376034,687507,2281,113435,0.0,0.0,0,0,S3,3,0,1,0,0,1
2023-08-29,Shanghai,240.0,109,0.2818181818181818,1140002,409849,730153,2.781510308649506,1816990.0,31,38,3,27,10,586445,481193,2594,59456,0.0,0.0,0,0,S3,3,0,1,0,0,0
2023-08-30,Rotterdam,241.0,70,0.2535211267605634,961663,179967,781696,5.343522181721195,2923414.0,18,3,4,33,12,226089,85594,363,642705,0.0,0.0,0,0,S3,3,0,0,0,0,0
2023-08-30,Shanghai,241.0,109,0.33636363636363636,1337573,482595,854978,2.7716205687573043,2627355.0,37,32,3,28,9,641670,579300,777,104556,0.0,0.0,0,0,S3,3,0,1,0,0,0
2023-09-02,Rotterdam,244.0,76,0.15584415584415584,1121067,201212,919855,5.571543588137944,3553128.0,12,0,9,47,8,298718,0,386,815818,0.0,0.0,0,0,S3,3,0,0,1,0,0
2023-09-08,Nhava Sheva,250.0,14,0.4666666666666667,373505,39592,333913,9.433612002121587,1470465.0,7,2,0,3,2,161915,33353,0,171922,0.0,0.0,0,0,S3,3,0,0,0,0,0
2023-09-11,Hamburg,253.0,20,0.42857142857142855,422672,49943,372729,8.462918468684927,856247.0,9,2,0,6,3,254948,143101,0,24133,0.0,0.0,0,0,S3,3,0,0,0,0,0
2023-09-13,Busan,255.0,62,0.6349206349206349,306185,118192,187993,2.5905510478623945,274441.0,40,2,1,7,12,263261,11491,138,16522,0.0,0.0,0,0,S3,3,0,0,0,0,0
2023-09-13,Shanghai,255.0,103,0.38461538461538464,1319444,408931,910513,3.2265608952099614,1239385.0,40,35,2,17,9,634617,544361,414,120952,0.0,0.0,0,0,S3,3,0,1,0,0,0
2023-09-15,Hamburg,257.0,15,0.375,258771,31835,226936,8.128251036562382,1035928.0,6,1,1,3,4,126286,72504,4218,53541,0.0,0.0,0,0,S3,3,0,0,0,0,0
2023-09-17,Antwerp,259.0,56,0.19298245614035087,553257,162775,390482,3.39888558509854,-230735.0,11,1,2,38,4,451911,0,3147,94543,0.0,0.0,0,0,S3,3,0,0,0,0,0
2023-09-18,Shanghai,260.0,134,0.3037037037037037,1331080,425610,905470,3.1274567621607523,2603141.0,41,40,5,25,23,602885,612173,2310,92601,0.0,0.0,0,0,S3,3,0,1,0,0,1
2023-09-18,Singapore,260.0,176,0.288135593220339,1879366,916394,962972,2.0508252445724824,257554.0,51,0,5,111,9,809644,0,252,1062391,0.0,0.0,0,0,S3,3,1,0,0,1,0
2023-09-23,Singapore,265.0,110,0.36936936936936937,1584143,753297,830846,2.1029433238904125,1988516.0,41,1,4,61,3,1018662,13040,252,550926,0.0,0.0,0,0,S3,3,0,0,0,0,0
2023-09-24,Rotterdam,266.0,79,0.2,660785,126492,534293,5.2238859067300165,1969328.0,16,3,6,37,17,195724,128595,5074,308767,0.0,0.0,0,0,S3,3,0,0,0,0,1
2023-09-27,Rotterdam,269.0,73,0.22972972972972974,926192,154317,771875,6.001840355629285,3066744.0,17,3,4,34,15,248459,208253,0,462286,0.0,0.0,0,0,S3,3,0,0,0,0,0
2023-09-30,Busan,272.0,45,0.6739130434782609,300258,111169,189089,2.700890528020149,215091.0,31,1,1,4,8,279048,0,178,8167,0.0,0.0,0,0,S3,3,0,0,0,0,0
2023-10-02,Antwerp,274.0,67,0.19117647058823528,673601,214793,458808,3.13603266385467,80673.0,13,4,4,38,8,552012,6340,2994,104676,0.0,0.0,0,0,S3,3,0,0,0,0,0
2023-10-03,Busan,275.0,70,0.6619718309859155,339783,140286,199497,2.4220562133340935,560822.0,47,1,1,14,7,276043,22363,0,34520,0.0,0.0,0,0,S3,3,1,0,0,0,0
2023-10-04,Busan,276.0,56,0.631578947368421,332496,82497,249999,4.030352250963659,676711.0,36,4,3,6,7,285682,18011,535,18623,0.0,0.0,0,0,S3,3,0,0,0,0,0
2023-10-05,Hamburg,277.0,15,0.5,547306,41879,505427,13.068433619866285,715939.0,8,1,1,1,4,473522,73298,486,0,0.0,0.0,0,0,S3,3,0,0,0,0,0
2023-10-06,Nhava Sheva,278.0,19,0.35,198159,6393,191766,20.0,1046347.0,7,5,0,3,4,93655,50895,0,50358,0.0,0.0,0,0,S3,3,0,0,0,0,0
2023-10-07,Hamburg,279.0,13,0.5,304207,41962,262245,7.249410194695327,998992.0,7,2,0,1,3,74737,226209,0,1039,0.0,0.0,0,0,S3,3,0,0,0,0,0
2023-10-08,Antwerp,280.0,53,0.25925925925925924,549112,150552,398560,3.6473002862779222,-200325.0,14,0,1,26,12,464202,0,0,76259,0.0,0.0,0,0,S3,3,0,0,0,0,0
2023-10-09,Rotterdam,281.0,87,0.2159090909090909,836060,125060,711000,6.685217613804463,2820476.0,19,2,8,40,18,138105,44641,2552,635348,0.0,0.0,0,0,S3,3,0,0,1,0,1
2023-10-10,Antwerp,282.0,67,0.19117647058823528,542603,208098,334505,2.607427234152975,-252286.0,13,4,2,40,8,265034,105158,3779,162190,0.0,0.0,0,0,S3,3,0,0,0,0,0
2023-10-11,Busan,283.0,58,0.5932203389830508,325607,87854,237753,3.70618632974788,241746.0,35,3,1,11,8,268787,20611,178,28679,0.0,0.0,0,0,S3,3,0,0,0,0,0
2023-10-12,Singapore,284.0,137,0.2826086956521739,1729607,941827,787780,1.8364361645650797,662218.0,39,2,3,85,8,1066458,42076,0,618181,0.0,0.0,0,0,S3,3,0,0,0,1,0
2023-10-13,Nhava Sheva,285.0,21,0.2727272727272727,208271,19926,188345,10.451698700255934,1023136.0,6,5,0,3,7,50457,101384,0,46861,0.0,0.0,0,0,S3,3,0,0,0,0,0
2023-10-17,Rotterdam,289.0,82,0.20481927710843373,791978,114135,677843,6.938897455666924,3256943.0,17,1,6,39,19,201204,46425,386,533308,0.0,0.0,0,0,S3,3,0,0,0,0,1
2023-10-20,Singapore,292.0,128,0.3643410852713178,1531254,818075,713179,1.8717747495342731,405044.0,47,3,1,72,5,553135,39121,0,932505,0.0,0.0,0,0,S3,3,1,0,0,1,0
2023-10-24,Rotterdam,296.0,85,0.19767441860465115,1021570,132921,888649,7.685484720362318,2966433.0,17,4,8,43,13,101163,225043,1502,682760,0.0,0.0,0,0,S3,3,0,0,1,0,0
2023-10-27,Nhava Sheva,299.0,29,0.16666666666666666,401791,22684,379107,17.711747851002865,1427260.0,5,6,0,7,11,55118,163480,0,165090,0.0,0.0,0,0,S3,3,0,0,0,0,0
2023-10-29,Hamburg,301.0,16,0.47058823529411764,218928,32122,186806,6.815303676493478,105559.0,8,0,0,5,3,175585,0,0,43343,0.0,0.0,0,0,S3,3,0,0,0,0,0
2023-10-29,Rotterdam,301.0,76,0.23376623376623376,623568,104215,519353,5.9834190527366236,2939498.0,18,3,4,40,11,63894,132146,3146,416732,0.0,0.0,0,0,S3,3,0,0,0,0,0
2023-10-30,Singapore,302.0,118,0.3277310924369748,1803150,739326,1063824,2.4389072764825306,1885683.0,39,3,5,66,5,999796,29520,0,768247,0.0,0.0,0,0,S3,3,0,0,0,1,0
2023-11-02,Antwerp,305.0,18,0.05263157894736842,165231,35430,129801,4.663458553244334,-306097.0,1,0,0,15,2,154893,0,0,9012,0.7,1.0,0,0,S3,3,0,0,0,0,0
2023-11-03,Hamburg,306.0,16,0.4117647058823529,370918,68017,302901,5.4532329677438325,181757.0,7,1,0,6,2,252610,83437,0,34871,0.0,0.0,0,0,S3,3,0,0,0,0,0
2023-11-06,Rotterdam,309.0,61,0.25806451612903225,545724,88255,457469,6.1834209572153735,3087909.0,16,4,5,28,8,238903,247718,3035,52184,0.0,0.0,0,0,S3,3,0,0,0,0,0
2023-11-11,Shanghai,314.0,114,0.3130434782608696,1067005,358479,708526,2.976470095960723,1251454.0,36,45,7,12,14,439438,526082,5766,62227,0.0,0.0,0,0,S3,3,0,1,1,0,0
2023-11-13,Antwerp,316.0,52,0.24528301886792453,372355,154559,217796,2.4091291407867494,19682.0,13,1,2,32,4,219218,22598,0,127770,0.0,0.0,0,0,S3,3,0,0,0,0,0
2023-11-13,Nhava Sheva,316.0,35,0.19444444444444445,476875,46271,430604,10.305908540802212,1202092.0,7,10,0,7,11,181576,217820,0,55585,0.0,0.0,0,0,S3,3,0,0,0,0,0
2023-11-14,Hamburg,317.0,11,0.5,189297,21624,167673,8.753618497109827,241507.0,6,0,0,3,2,160622,0,0,28675,0.0,0.0,0,0,S3,3,0,0,0,0,0
2023-11-14,Rotterdam,317.0,80,0.2716049382716049,774288,108666,665622,7.1253278364176795,2944780.0,22,4,6,36,12,464703,154254,363,135136,0.0,0.0,0,0,S3,3,0,0,0,0,0
2023-11-17,Nhava Sheva,320.0,22,0.30434782608695654,393148,9500,383648,20.0,1746005.0,7,5,0,2,8,225287,131255,0,28355,0.0,0.0,0,0,S3,3,0,0,0,0,0
2023-11-19,Rotterdam,322.0,94,0.21052631578947367,1167222,161068,1006154,7.246720349663809,3211825.0,20,6,6,47,15,427287,200776,3283,516080,0.0,0.0,0,0,S3,3,0,0,0,0,0
2023-11-19,Singapore,322.0,118,0.36134453781512604,1422431,571127,851304,2.4905642868148647,1563284.0,43,1,3,64,7,1062511,50420,252,306356,0.0,0.0,0,0,S3,3,1,0,0,1,0
2023-11-20,Nhava Sheva,323.0,18,0.15789473684210525,322696,2731,319965,20.0,1828087.0,3,3,0,6,6,76876,22081,0,221058,0.0,0.0,0,0,S3,3,0,0,0,0,0
2023-11-23,Antwerp,326.0,66,0.14925373134328357,648553,246344,402209,2.6327021047717634,437857.0,10,2,4,35,15,327531,52890,2654,257463,0.0,0.0,0,0,S3,3,0,0,0,0,0
2023-11-24,Hamburg,327.0,14,0.5333333333333333,194284,24960,169324,7.783502263531108,470039.0,8,0,1,3,2,128652,0,1010,64622,0.0,0.0,0,0,S3,3,0,0,0,0,0
2023-11-24,Shanghai,327.0,107,0.3055555555555556,1279376,436190,843186,2.933063726670197,2708498.0,33,34,5,26,9,444802,769661,1627,48937,0.0,0.0,0,0,S3,3,0,1,0,0,0
2023-11-26,Rotterdam,329.0,94,0.2736842105263158,1187591,203604,983987,5.832818447484099,2882434.0,26,3,4,47,14,479572,129293,193,565432,0.0,0.0,0,0,S3,3,0,0,0,0,0
2023-11-26,Singapore,329.0,118,0.37815126050420167,1869627,1001014,868613,1.86773125277843,-282030.0,45,4,4,59,6,1178865,30275,3457,648589,0.0,0.0,0,0,S3,3,1,0,0,0,0
2023-11-29,Singapore,332.0,121,0.30327868852459017,1685301,834267,851034,2.0200954609310195,1583312.0,37,4,3,71,6,600795,46686,2135,1031358,0.0,0.0,0,0,S3,3,0,0,0,1,0
2023-12-04,Nhava Sheva,337.0,25,0.23076923076923078,373450,24521,348929,15.229181959057174,696298.0,6,4,0,3,12,287364,49799,0,16557,0.0,0.0,0,0,S3,3,0,0,0,0,0
2023-12-05,Antwerp,338.0,25,0.19230769230769232,223104,46081,177023,4.8414565340046005,-197577.0,5,0,0,17,3,74649,0,0,147265,0.0,0.0,0,0,S3,3,0,0,0,0,0
2023-12-11,Hamburg,344.0,16,0.5294117647058824,225877,27528,198349,8.20505648588761,607847.0,9,2,1,0,4,139404,84872,303,0,0.0,0.0,0,0,S3,3,0,0,0,0,0
2023-12-12,Singapore,345.0,111,0.35714285714285715,1553525,746067,807458,2.0822833843563857,125019.0,40,2,3,62,4,809591,53372,2364,687234,0.0,0.0,0,0,S3,3,0,0,0,0,0
2023-12-14,Busan,347.0,48,0.5714285714285714,238966,85257,153709,2.8028572098805977,299528.0,28,3,1,8,8,186367,22569,3500,14927,0.0,0.0,0,0,S3,3,0,0,0,0,0
2023-12-18,Rotterdam,351.0,92,0.23655913978494625,1105094,203781,901313,5.42292253486569,3769521.0,22,5,7,52,6,58001,135041,2188,906043,0.0,0.0,0,0,S3,3,0,0,1,0,0
2023-12-22,Nhava Sheva,355.0,22,0.30434782608695654,417124,8418,408706,20.0,1071192.0,7,4,0,3,8,204559,119829,0,82772,0.0,0.0,0,0,S3,3,0,0,0,0,0
2023-12-23,Shanghai,356.0,106,0.35514018691588783,1121394,479787,641607,2.337269794159087,1917959.0,38,36,4,18,10,533773,456371,828,86192,0.0,0.0,0,0,S3,3,0,1,0,0,0
2023-12-25,Hamburg,358.0,6,0.14285714285714285,88762,9532,79230,9.311024861009127,-141127.0,1,0,1,1,3,82238,0,0,0,0.0,0.0,0,0,S3,3,0,0,0,0,0
2023-12-26,Rotterdam,359.0,61,0.1774193548387097,856176,61069,795107,14.019584083838218,3131372.0,11,1,1,37,11,231109,28395,936,588224,0.0,0.0,0,0,S3,3,0,0,0,0,0
2023-12-27,Antwerp,360.0,66,0.22388059701492538,472749,177410,295339,2.664710756379255,4239.0,15,2,2,35,12,349007,25283,3075,88787,0.0,0.0,0,0,S3,3,0,0,0,0,0
2023-12-29,Busan,362.0,56,0.631578947368421,432735,188435,244300,2.296456091192766,121731.0,36,3,0,8,9,391207,10586,0,19068,0.0,0.0,0,0,S3,3,0,0,0,0,0
2023-12-29,Shanghai,362.0,5,0.0,50811,2149,48662,20.0,1150240.0,0,1,1,3,0,0,0,0,50811,0.0,0.0,0,0,S3,3,0,0,0,0,0
2023-12-31,Busan,364.0,43,0.6818181818181818,155774,60953,94821,2.555599304393477,420182.0,30,1,1,6,5,127734,4110,178,19345,0.0,0.0,0,0,S3,3,0,0,0,0,0
2023-12-31,Rotterdam,364.0,60,0.11475409836065574,974848,120975,853873,8.058193360666579,3430419.0,7,2,4,42,5,223555,140940,2719,601853,0.0,0.0,0,0,S3,3,0,0,0,0,0
2024-01-02,Hamburg,366.0,15,0.375,252907,39135,213772,6.462259811937858,610360.0,6,2,0,4,3,104307,139492,0,7384,0.0,0.0,0,0,S3,3,0,0,0,0,0
2024-01-03,Antwerp,367.0,50,0.3137254901960784,855693,219266,636427,3.9025161104954234,144039.0,16,1,1,28,4,695175,0,0,156857,0.0,0.0,0,0,S3,3,0,0,0,0,0
2024-01-07,Antwerp,371.0,44,0.2,365075,90198,274877,4.047439550327609,1194869.0,9,2,2,27,4,269830,22692,0,67998,0.0,0.0,0,0,S3,3,0,0,0,0,0
2024-01-08,Rotterdam,372.0,84,0.25882352941176473,1261751,220205,1041546,5.729866579475582,3100481.0,22,6,4,41,11,57448,414987,0,785489,0.0,0.0,0,0,S3,3,0,0,0,0,0
2024-01-09,Nhava Sheva,373.0,24,0.28,327750,32746,295004,10.008550401563502,1015176.0,7,3,0,4,10,192463,66917,0,56948,0.0,0.0,0,0,S3,3,0,0,0,0,0
2024-01-16,Busan,380.0,53,0.5370370370370371,200871,81647,119224,2.4602072310405645,-343798.0,29,0,0,8,16,159341,0,0,26345,0.0,0.0,0,0,S3,3,0,0,0,0,0
2024-01-16,Singapore,380.0,119,0.3416666666666667,1726843,705494,1021349,2.4477040942884076,1360795.0,41,1,1,70,6,1120391,54524,0,550000,0.0,0.0,0,0,S3,3,0,0,0,1,0
2024-01-19,Shanghai,383.0,116,0.3247863247863248,1134929,482288,652641,2.353213529647162,887212.0,38,36,5,24,13,401414,666158,414,42075,0.0,0.0,0,0,S3,3,0,1,0,0,0
2024-01-21,Singapore,385.0,130,0.29770992366412213,2093289,1085078,1008211,1.9291581534616373,1806239.0,39,4,4,79,4,1122183,60153,252,908515,0.0,0.0,0,0,S3,3,0,0,0,1,0
2024-01-22,Busan,386.0,55,0.5892857142857143,252112,107780,144332,2.3391135728931816,357813.0,33,0,1,6,15,222654,0,178,15627,0.0,0.0,0,0,S3,3,0,0,0,0,0
2024-01-25,Busan,389.0,62,0.5238095238095238,291699,90201,201498,3.2338418216890976,431125.0,33,3,1,12,13,228450,27505,138,24277,0.0,0.0,0,0,S3,3,0,0,0,0,0
2024-01-25,Nhava Sheva,389.0,17,0.3888888888888889,418190,8014,410176,20.0,838908.0,7,3,0,2,5,263381,54320,0,100489,0.0,0.0,0,0,S3,3,0,0,0,0,0
2024-01-29,Hamburg,393.0,12,0.5384615384615384,268499,49855,218644,5.385490211810013,882658.0,7,0,1,0,4,267617,0,303,0,0.0,0.0,0,0,S3,3,0,0,0,0,0
2024-01-30,Shanghai,394.0,59,0.3,476246,188995,287251,2.519873436474846,1404720.0,18,23,3,11,4,227409,224109,828,23900,0.0,0.0,0,0,S3,3,0,0,0,0,0
2024-01-30,Singapore,394.0,114,0.3391304347826087,1598065,575853,1022212,2.7751218190721954,1312415.0,39,1,4,68,2,752578,27958,2187,813913,0.0,0.0,0,0,S3,3,0,0,0,1,0
2024-01-31,Rotterdam,395.0,89,0.13333333333333333,1133458,201467,931991,5.625995195266742,3189047.0,12,0,4,59,14,291610,0,0,825799,0.0,0.0,0,0,S3,3,0,0,0,0,0
2024-02-01,Busan,396.0,40,0.7073170731707317,273158,105682,167476,2.5846919561329638,208444.0,29,3,0,4,4,255404,5674,0,7754,0.0,0.0,0,0,S3,3,0,0,0,0,0
2024-02-01,Singapore,396.0,141,0.2746478873239437,1738564,803033,935531,2.164994259271712,1671502.0,39,1,4,90,7,1525494,8609,4380,186467,0.0,0.0,0,0,S3,3,0,0,0,1,0
2024-02-02,Rotterdam,397.0,83,0.23809523809523808,997647,118775,878872,8.399398868458274,3817556.0,20,3,8,42,10,198634,121612,2526,670577,0.0,0.0,0,0,S3,3,0,0,1,0,0
2024-02-03,Busan,398.0,55,0.6964285714285714,299727,111502,188225,2.6880622046043605,440623.0,39,2,0,6,8,236046,30949,0,18951,0.0,0.0,0,0,S3,3,0,0,0,0,0
2024-02-04,Busan,399.0,56,0.6140350877192983,309796,81131,228665,3.8184193659715033,720108.0,35,1,1,11,8,269282,2328,178,29831,0.0,0.0,0,0,S3,3,0,0,0,0,0
2024-02-06,Antwerp,401.0,59,0.16666666666666666,581555,117185,464370,4.962666188793883,-319048.0,10,0,4,34,11,297468,0,716,275500,0.7,1.0,0,0,S3,3,0,0,0,0,0
2024-02-09,Rotterdam,404.0,89,0.17777777777777778,1002859,168247,834612,5.960599828824117,3310260.0,16,4,7,46,16,164271,446416,4973,374561,0.0,0.0,0,0,S3,3,0,0,1,0,0
2024-02-11,Nhava Sheva,406.0,24,0.24,418056,27978,390078,14.941777761892848,1105196.0,6,4,0,4,10,132215,186849,0,81676,0.0,0.0,0,0,S3,3,0,0,0,0,0
2024-02-13,Singapore,408.0,125,0.30952380952380953,1713961,651883,1062078,2.629242319185622,2316537.0,39,2,2,78,4,1051252,48502,0,611813,0.0,0.0,0,0,S3,3,0,0,0,1,0
2024-02-18,Shanghai,413.0,77,0.23076923076923078,692738,281897,410841,2.4574065796848505,687967.0,18,29,5,13,12,298527,338970,0,25807,0.0,0.0,0,0,S3,3,0,1,0,0,0
2024-02-19,Antwerp,414.0,59,0.21666666666666667,608327,172231,436096,3.5320207626921825,316096.0,13,0,1,35,10,453219,0,0,148998,0.0,0.0,0,0,S3,3,0,0,0,0,0
2024-02-19,Rotterdam,414.0,85,0.1744186046511628,996232,192903,803329,5.164392651266952,4097583.0,15,3,8,46,13,172275,501798,4194,313888,0.0,0.0,0,0,S3,3,0,0,1,0,0
2024-02-21,Shanghai,416.0,95,0.2708333333333333,1123687,293010,830677,3.8349652402128247,2409971.0,26,33,2,24,10,713741,340322,0,54475,0.0,0.0,0,0,S3,3,0,1,0,0,0
2024-02-22,Shanghai,417.0,82,0.39759036144578314,990542,323441,667101,3.062502705276371,3044885.0,33,21,1,18,9,457745,486281,799,24461,0.0,0.0,0,0,S3,3,0,0,0,0,0
2024-02-24,Shanghai,419.0,110,0.3333333333333333,924922,320979,603943,2.8815564832699856,3358216.0,37,43,7,11,12,410433,477912,2435,18197,0.0,0.0,0,0,S3,3,0,1,1,0,0
2024-02-25,Antwerp,420.0,44,0.15555555555555556,375240,157014,218226,2.38983536604783,450033.0,7,3,1,29,4,206760,94669,657,70774,0.0,0.0,0,0,S3,3,0,0,0,0,0
2024-02-25,Shanghai,420.0,85,0.36046511627906974,712822,268547,444275,2.654356018290957,3391650.0,31,24,3,12,15,232774,404668,414,56297,0.0,0.0,0,0,S3,3,0,0,0,0,0
2024-02-29,Rotterdam,424.0,81,0.23170731707317074,859232,158824,700408,5.409929167322525,3217995.0,19,3,6,41,12,398400,79027,193,356667,0.0,0.0,0,0,S3,3,0,0,0,0,0
2024-03-01,Hamburg,425.0,16,0.17647058823529413,241141,9563,231578,20.0,288558.0,3,2,0,8,3,38343,104354,0,97113,0.0,0.0,0,0,S3,3,0,0,0,0,0
2024-03-03,Busan,427.0,53,0.6666666666666666,222153,96080,126073,2.3121428794454677,-123378.0,36,3,1,3,10,190357,5012,178,5582,0.0,0.0,0,0,S3,3,0,0,0,0,0
2024-03-04,Singapore,428.0,138,0.2446043165467626,1624260,645432,978828,2.516543157849072,302127.0,34,1,8,87,8,774759,0,504,841240,0.0,0.0,0,0,S3,3,0,0,1,1,0
2024-03-05,Singapore,429.0,113,0.32456140350877194,1691871,654087,1037784,2.5866106701238976,962044.0,37,6,2,67,1,1377547,42511,252,266846,0.0,0.0,0,0,S3,3,0,0,0,1,0
2024-03-06,Antwerp,430.0,53,0.2037037037037037,471835,144807,327028,3.258348986243854,846302.0,11,1,2,32,7,358591,28744,0,82198,0.0,0.0,0,0,S3,3,0,0,0,0,0
2024-03-06,Busan,430.0,44,0.7333333333333333,297149,120993,176156,2.4558986396019638,50489.0,33,0,1,7,3,279818,0,178,13750,0.0,0.0,0,0,S3,3,0,0,0,0,0
2024-03-10,Busan,434.0,57,0.6206896551724138,273896,111576,162320,2.454771144590731,199309.0,36,0,2,5,14,237776,0,178,22678,0.0,0.0,0,0,S3,3,0,0,0,0,0
2024-03-10,Nhava Sheva,434.0,21,0.22727272727272727,146097,11753,134344,12.429555895865237,685797.0,5,2,0,2,12,128658,0,0,4542,0.0,0.0,0,0,S3,3,0,0,0,0,0
2024-03-10,Rotterdam,434.0,74,0.17333333333333334,835668,143303,692365,5.831435270473958,3803629.0,13,2,5,41,13,125222,17008,2546,680490,0.0,0.0,0,0,S3,3,0,0,0,0,0
2024-03-11,Nhava Sheva,435.0,33,0.20588235294117646,438976,31913,407063,13.75496647239456,880903.0,7,5,0,9,12,115845,0,0,316365,0.0,0.0,0,0,S3,3,0,0,0,0,0
2024-03-15,Rotterdam,439.0,76,0.2077922077922078,1103959,93490,1010469,11.808184745055673,3204243.0,16,4,5,44,7,121882,486437,193,494279,0.0,0.0,0,0,S3,3,0,0,0,0,0
2024-03-19,Antwerp,443.0,68,0.14492753623188406,451581,123146,328435,3.667007722478014,355673.0,10,0,2,47,9,161522,0,2209,277167,0.0,0.0,0,0,S3,3,0,0,0,0,0
2024-03-21,Busan,445.0,53,0.6481481481481481,290435,104129,186306,2.789157783539806,86318.0,35,1,1,10,6,266501,5293,0,13717,0.0,0.0,0,0,S3,3,0,0,0,0,0
2024-03-29,Singapore,453.0,100,0.36633663366336633,1622095,877850,744245,1.8478021896654444,1266580.0,37,1,5,56,1,864953,0,1456,754722,0.0,0.0,0,0,S3,3,0,0,0,0,0
2024-03-31,Rotterdam,455.0,79,0.2125,1081601,188849,892752,5.727302091607095,2547328.0,17,1,7,42,12,168959,77013,4007,826676,0.0,0.0,0,0,S3,3,0,0,1,0,0
2024-04-02,Shanghai,457.0,116,0.37606837606837606,1251063,486368,764695,2.5722506985436984,2180857.0,44,27,5,29,11,340940,766024,1242,125499,0.0,0.0,0,0,S3,3,1,0,0,0,0
2024-04-02,Singapore,457.0,134,0.3111111111111111,1685160,778561,906599,2.1644518997844746,2120577.0,42,0,4,85,3,875052,0,0,808039,0.0,0.0,0,0,S3,3,0,0,0,1,0
2024-04-06,Rotterdam,461.0,91,0.2391304347826087,1381408,211077,1170331,6.544538038071234,4785661.0,22,4,6,53,6,320266,443945,193,613810,0.0,0.0,0,0,S3,3,0,0,0,0,0
2024-04-06,Singapore,461.0,118,0.31932773109243695,1452437,692284,760153,2.098033324425634,2741586.0,38,3,5,68,4,803781,26081,2367,601928,0.0,0.0,0,0,S3,3,0,0,0,1,0
2024-04-07,Antwerp,462.0,61,0.16129032258064516,455135,155867,299268,2.9200028229014294,-209979.0,10,2,0,40,9,170935,99425,0,176616,0.0,0.0,0,0,S3,3,0,0,0,0,0
2024-04-09,Nhava Sheva,464.0,26,0.37037037037037035,696207,45762,650445,15.2133164346743,1603927.0,10,4,0,4,8,369174,137773,0,184561,0.0,0.0,0,0,S3,3,0,0,0,0,0
2024-04-12,Singapore,467.0,121,0.319672131147541,1737630,831395,906235,2.090014866561783,783125.0,39,2,3,72,5,1156725,66463,0,508954,0.0,0.0,0,0,S3,3,0,0,0,1,0
2024-04-15,Nhava Sheva,470.0,24,0.24,303667,28242,275425,10.751938533441916,1477421.0,6,2,0,4,12,47126,83215,0,157909,0.0,0.0,0,0,S3,3,0,0,0,0,0
2024-04-18,Hamburg,473.0,19,0.5,311163,34986,276177,8.893674793494727,306837.0,10,0,2,6,1,253770,0,303,57090,0.0,0.0,0,0,S3,3,0,0,0,0,0
2024-04-21,Antwerp,476.0,62,0.2222222222222222,548911,231374,317537,2.372386817936251,-8724.0,14,2,1,38,7,330291,67228,0,148280,0.0,0.0,0,0,S3,3,0,0,0,0,0
2024-04-27,Busan,482.0,64,0.6,280941,103801,177140,2.7065085451147377,-218721.0,39,2,2,11,10,183989,0,316,80112,0.0,0.0,0,0,S3,3,0,0,0,0,0
2024-05-04,Rotterdam,489.0,77,0.19230769230769232,921465,170416,751049,5.40711900808018,3383789.0,15,4,6,41,11,232978,189483,2242,483955,0.0,0.0,0,0,S3,3,0,0,0,0,0
2024-05-05,Busan,490.0,43,0.7045454545454546,281733,95289,186444,2.9565851610872076,348272.0,31,2,0,4,6,241813,23901,0,5982,0.0,0.0,0,0,S3,3,0,0,0,0,0
2024-05-07,Antwerp,492.0,52,0.07547169811320754,418652,144730,273922,2.892621483994445,93953.0,4,3,4,36,5,74103,89618,604,251713,0.0,0.0,0,0,S3,3,0,0,0,0,0
2024-05-09,Nhava Sheva,494.0,19,0.45,370017,41641,328376,8.88566831564286,1022565.0,9,2,0,4,4,133447,28496,0,208074,0.0,0.0,0,0,S3,3,0,0,0,0,0
2024-05-12,Singapore,497.0,124,0.24,1790708,878121,912587,2.0392473938701,1654833.0,30,3,2,82,7,1108778,74176,0,602532,0.0,0.0,0,0,S3,3,0,0,0,1,0
2024-05-13,Busan,498.0,56,0.5614035087719298,369001,127714,241287,2.8892534158086365,256114.0,32,1,1,9,13,331503,0,178,14768,0.0,0.0,0,0,S3,3,0,0,0,0,0
2024-05-13,Rotterdam,498.0,87,0.2159090909090909,927980,157437,770543,5.894256786798612,3768675.0,19,3,8,41,16,258997,100258,2890,557131,0.0,0.0,0,0,S3,3,0,0,1,0,0
2024-05-14,Rotterdam,499.0,90,0.2087912087912088,889708,147969,741739,6.01275934311009,4136176.0,19,3,6,43,19,359955,130891,0,379925,0.0,0.0,0,0,S3,3,0,0,0,0,1
2024-05-17,Hamburg,502.0,20,0.6190476190476191,571162,63273,507889,9.026804058539053,892068.0,13,2,0,2,3,403270,167192,0,700,0.0,0.0,0,0,S3,3,0,0,0,0,0
2024-05-18,Rotterdam,503.0,83,0.17857142857142858,1014678,159760,854918,6.3512246418087015,4294216.0,15,1,5,53,9,164789,93351,363,754247,0.0,0.0,0,0,S3,3,0,0,0,0,0
2024-05-20,Antwerp,505.0,60,0.22950819672131148,591452,190520,400932,3.1043926916192968,244132.0,14,1,2,39,4,498673,27079,2981,58289,0.0,0.0,0,0,S3,3,0,0,0,0,0
2024-05-21,Antwerp,506.0,56,0.15789473684210525,377441,151260,226181,2.495296209862423,308911.0,9,2,2,37,6,249064,51198,0,72740,0.0,0.0,0,0,S3,3,0,0,0,0,0
2024-05-22,Singapore,507.0,144,0.2827586206896552,1639319,669115,970204,2.4499772834605658,350884.0,41,3,5,89,6,1448071,13507,3106,170876,0.0,0.0,0,0,S3,3,0,0,0,1,0
2024-05-23,Hamburg,508.0,18,0.3684210526315789,316556,16747,299809,18.90112252209219,1008890.0,7,3,1,3,4,134749,172469,303,7026,0.0,0.0,0,0,S3,3,0,0,0,0,0
2024-05-24,Antwerp,509.0,64,0.23076923076923078,635053,254479,380574,2.4954927695693176,967324.0,15,2,1,39,7,358691,24272,2763,243588,0.0,0.0,0,0,S3,3,0,0,0,0,0
2024-05-25,Rotterdam,510.0,88,0.19101123595505617,910244,123321,786923,7.381035014028316,2877572.0,17,1,9,52,9,158523,59005,1592,674853,0.0,0.0,0,0,S3,3,0,0,1,0,0
2024-05-26,Nhava Sheva,511.0,24,0.28,360557,35259,325298,10.22566647759501,1282368.0,7,2,2,3,10,201803,0,0,144520,0.0,0.0,0,0,S3,3,0,0,0,0,0
2024-05-27,Busan,512.0,60,0.5245901639344263,231352,94912,136440,2.4375164624445547,469525.0,32,1,0,16,11,178210,0,0,40833,0.0,0.0,0,0,S3,3,0,0,0,0,0
2024-05-27,Nhava Sheva,512.0,23,0.25,344994,31044,313950,11.11270736028346,1462338.0,6,4,0,6,7,157356,150440,0,30125,0.0,0.0,0,0,S3,3,0,0,0,0,0
2024-06-01,Busan,517.0,65,0.6363636363636364,312394,103489,208905,3.0185911682288142,474756.0,42,3,1,7,12,274001,4855,178,19224,0.0,0.0,0,0,S3,3,0,0,0,0,0
2024-06-02,Singapore,518.0,122,0.2601626016260163,1535245,605087,930158,2.537225990269184,1823460.0,32,3,6,75,6,938592,12240,0,580585,0.0,0.0,0,0,S3,3,0,0,0,1,0
2024-06-03,Nhava Sheva,519.0,22,0.2608695652173913,628368,46940,581428,13.386336038857289,1006537.0,6,1,0,7,8,314327,0,0,302834,0.0,0.0,0,0,S3,3,0,0,0,0,0
2024-06-05,Singapore,521.0,133,0.23880597014925373,1789798,982564,807234,1.821556843567601,2315316.0,32,2,6,88,5,1377748,17779,0,393245,0.0,0.0,0,0,S3,3,0,0,0,1,0
2024-06-08,Busan,524.0,56,0.631578947368421,272663,117757,154906,2.315452028736901,616365.0,36,2,2,5,11,249941,934,178,11087,0.0,0.0,0,0,S3,3,0,0,0,0,0
2024-06-09,Antwerp,525.0,51,0.1346153846153846,522596,44807,477789,11.66300660596322,264403.0,7,0,0,37,7,346034,0,0,168455,0.0,0.0,0,0,S3,3,0,0,0,0,0
2024-06-24,Nhava Sheva,540.0,23,0.2916666666666667,230589,8437,222152,20.0,981684.0,7,1,0,5,10,203867,0,0,13629,0.0,0.0,0,0,S3,3,0,0,0,0,0
2024-06-25,Rotterdam,541.0,72,0.2054794520547945,1272603,184856,1087747,6.884256479332674,3379567.0,15,2,5,40,10,270857,162320,0,824764,0.0,0.0,0,0,S3,3,0,0,0,0,0
2024-07-02,Nhava Sheva,548.0,21,0.22727272727272727,348960,21873,327087,15.95318643137972,963640.0,5,4,1,6,5,237608,55450,0,48980,0.0,0.0,0,0,S3,3,0,0,0,0,0
2024-07-04,Busan,550.0,54,0.6727272727272727,398319,126538,271781,3.1477963315657624,-45251.0,37,5,0,6,6,362435,19659,0,10300,0.0,0.0,0,0,S3,3,0,0,0,0,0
2024-07-04,Singapore,550.0,111,0.30357142857142855,1538617,823337,715280,1.86875499491096,229207.0,34,2,5,65,5,941204,47287,1275,536109,0.0,0.0,0,0,S3,3,0,0,0,1,0
2024-07-08,Hamburg,554.0,18,0.3684210526315789,478303,74371,403932,6.431224116603023,295904.0,7,3,0,4,4,276239,198727,0,1923,0.0,0.0,0,0,S3,3,0,0,0,0,0
2024-07-08,Singapore,554.0,127,0.28125,1500310,779639,720671,1.924362526294187,1233656.0,36,1,5,84,1,560075,0,0,939271,0.0,0.0,0,0,S3,3,0,0,0,1,0
2024-07-09,Singapore,555.0,136,0.291970802919708,1925721,946794,978927,2.033936596623345,2308179.0,40,2,2,90,2,722254,0,0,1202503,0.0,0.0,0,0,S3,3,0,0,0,1,0
2024-07-12,Hamburg,558.0,19,0.8,571781,101108,470673,5.655094996488938,729031.0,16,0,0,1,2,566494,0,0,5287,0.0,0.0,0,0,S3,3,0,0,0,0,0
2024-07-16,Rotterdam,562.0,90,0.23076923076923078,1179709,203660,976049,5.792513048644562,2281727.0,21,1,7,43,18,373162,61029,693,732224,0.0,0.0,0,0,S3,3,0,0,1,0,1
2024-07-21,Busan,567.0,64,0.5538461538461539,377964,153121,224843,2.468384686720393,82929.0,36,1,3,12,12,283447,0,969,80295,0.0,0.0,0,0,S3,3,0,0,0,0,0
2024-07-21,Hamburg,567.0,12,0.6923076923076923,233841,35414,198427,6.60288013553579,252722.0,9,0,0,1,2,233351,0,0,0,0.0,0.0,0,0,S3,3,0,0,0,0,0
2024-07-21,Rotterdam,567.0,71,0.2361111111111111,525766,84866,440900,6.195175981241237,3504006.0,17,2,6,36,10,213394,124634,2226,181110,0.0,0.0,0,0,S3,3,0,0,0,0,0
2024-07-22,Nhava Sheva,568.0,23,0.4583333333333333,377384,32944,344440,11.454970405220823,1302210.0,11,2,0,2,8,275444,54767,0,43340,0.0,0.0,0,0,S3,3,0,0,0,0,0
2024-07-22,Singapore,568.0,125,0.31746031746031744,1753733,791831,961902,2.214779145071177,1605912.0,40,1,3,75,6,1370509,0,270,377494,0.0,0.0,0,0,S3,3,0,0,0,1,0
2024-07-23,Shanghai,569.0,137,0.2826086956521739,1350774,540365,810409,2.499739065744329,584265.0,39,50,9,21,18,311471,916179,2688,102957,0.0,0.0,0,0,S3,3,0,1,1,0,1
2024-07-25,Antwerp,571.0,68,0.2318840579710145,695971,271428,424543,2.564099635632154,-290269.0,16,1,3,37,11,472722,33149,358,182893,0.0,0.0,0,0,S3,3,0,0,0,0,0
2024-07-29,Rotterdam,575.0,86,0.21839080459770116,1046807,166122,880685,6.301397157527856,3389200.0,19,3,9,42,13,155089,69254,2526,815977,0.0,0.0,0,0,S3,3,0,0,1,0,0
2024-08-01,Busan,578.0,61,0.5806451612903226,368795,132325,236470,2.7870184241947915,590077.0,36,3,0,7,15,328586,10064,0,15018,0.0,0.0,0,0,S3,3,0,0,0,0,0
2024-08-01,Hamburg,578.0,11,0.25,154931,23664,131267,6.546841326854004,648996.0,3,1,0,5,2,23072,28223,0,103636,0.0,0.0,0,0,S3,3,0,0,0,0,0
2024-08-04,Hamburg,581.0,17,0.5555555555555556,262761,14770,247991,17.788978403628732,635116.0,10,0,0,3,4,209733,0,0,51124,0.0,0.0,0,0,S3,3,0,0,0,0,0
2024-08-05,Busan,582.0,42,0.5581395348837209,245515,95627,149888,2.5673965784079975,294006.0,24,1,2,8,7,208616,0,178,28907,0.0,0.0,0,0,S3,3,0,0,0,0,0
2024-08-10,Busan,587.0,52,0.6415094339622641,272476,117156,155320,2.3257338443285507,443732.0,34,0,1,8,9,241040,0,0,20960,0.0,0.0,0,0,S3,3,0,0,0,0,0
2024-08-12,Antwerp,589.0,57,0.20689655172413793,491577,179417,312160,2.7398421563053876,286457.0,12,4,2,29,10,296423,130189,1108,56480,0.0,0.0,0,0,S3,3,0,0,0,0,0
2024-08-12,Hamburg,589.0,19,0.6,271121,47280,223841,5.734248429601743,650459.0,12,1,0,4,2,206944,58901,0,4823,0.0,0.0,0,0,S3,3,0,0,0,0,0
2024-08-14,Rotterdam,591.0,93,0.2127659574468085,1092292,199878,892414,5.464766183541042,3233833.0,20,5,4,54,10,365591,330520,363,389704,0.0,0.0,0,0,S3,3,0,0,0,0,0
2024-08-20,Shanghai,597.0,95,0.3229166666666667,1418003,321837,1096166,4.405952684269725,1797288.0,31,27,3,24,10,722843,521867,414,165640,0.0,0.0,0,0,S3,3,0,0,0,0,0
2024-08-20,Singapore,597.0,107,0.3425925925925926,1487094,782325,704769,1.900862300370945,583811.0,37,5,3,59,3,941717,92807,3263,447379,0.0,0.0,0,0,S3,3,0,0,0,0,0
2024-08-21,Antwerp,598.0,70,0.16901408450704225,637378,75936,561442,8.393510409945087,300586.0,12,1,3,43,11,439570,37835,604,154564,0.0,0.0,0,0,S3,3,0,0,0,0,0
2024-08-21,Rotterdam,598.0,72,0.2602739726027397,758459,144889,613570,5.234722893229346,3155094.0,19,1,4,35,13,276994,59320,193,413184,0.0,0.0,0,0,S3,3,0,0,0,0,0
2024-08-22,Antwerp,599.0,61,0.20967741935483872,707387,175178,532209,4.0380810485275065,939572.0,13,1,0,35,12,564731,0,0,138122,0.0,0.0,0,0,S3,3,0,0,0,0,0
2024-08-31,Hamburg,608.0,15,0.375,248962,26922,222040,9.24718642053263,96629.0,6,0,1,4,4,203489,0,1897,43029,0.0,0.0,0,0,S3,3,0,0,0,0,0
2024-08-31,Nhava Sheva,608.0,14,0.13333333333333333,241912,2768,239144,20.0,682194.0,2,3,0,3,6,148163,73135,0,12645,0.0,0.0,0,0,S3,3,0,0,0,0,0
2024-08-31,Rotterdam,608.0,82,0.12048192771084337,848446,147452,700994,5.754009752260042,2796199.0,10,2,8,50,12,184401,141698,1930,512647,0.0,0.0,0,0,S3,3,0,0,1,0,0
2024-08-31,Singapore,608.0,99,0.29,1432965,614895,818070,2.3304184772709533,1515823.0,29,1,1,65,3,1094817,13040,0,324144,0.0,0.0,0,0,S3,3,0,0,0,1,0
2024-09-01,Hamburg,609.0,13,0.5,167706,15880,151826,10.560166236383099,377979.0,7,2,0,1,3,159505,4107,0,0,0.0,0.0,0,0,S3,3,0,0,0,0,0
2024-09-04,Antwerp,612.0,65,0.19696969696969696,590446,143198,447248,4.1232550506637615,146875.0,13,1,4,37,10,459214,30541,1227,94818,0.0,0.0,0,0,S3,3,0,0,0,0,0
2024-09-05,Busan,613.0,47,0.6875,301674,108558,193116,2.7788944260724584,59652.0,33,1,0,6,7,272142,17442,0,5746,0.0,0.0,0,0,S3,3,0,0,0,0,0
2024-09-06,Singapore,614.0,111,0.3392857142857143,1525005,801166,723839,1.9034795492075933,1760110.0,38,3,4,62,4,922960,51713,252,548152,0.0,0.0,0,0,S3,3,0,0,0,0,0
2024-09-08,Nhava Sheva,616.0,18,0.3157894736842105,543160,36934,506226,14.705834574252064,1807414.0,6,5,0,1,6,325343,161020,0,56797,0.0,0.0,0,0,S3,3,0,0,0,0,0
2024-09-16,Antwerp,624.0,61,0.1935483870967742,663404,189837,473567,3.494579588912652,-252698.0,12,1,4,35,9,514519,31671,3674,109050,0.0,0.0,0,0,S3,3,0,0,0,0,0
2024-09-17,Rotterdam,625.0,88,0.20224719101123595,831396,141518,689878,5.874801263434592,3487259.0,18,4,6,47,13,54198,47049,0,722509,0.0,0.0,0,0,S3,3,0,0,0,0,0
2024-09-20,Busan,628.0,42,0.627906976744186,183873,71236,112637,2.5811446298973846,164017.0,27,2,0,4,9,160974,5293,0,8004,0.0,0.0,0,0,S3,3,0,0,0,0,0
2024-09-20,Rotterdam,628.0,85,0.19767441860465115,808155,108031,700124,7.480700162914692,2658845.0,17,3,7,45,13,301349,155549,337,336944,0.0,0.0,0,0,S3,3,0,0,1,0,0
2024-09-21,Hamburg,629.0,25,0.5384615384615384,568029,78724,489305,7.215357256271832,155093.0,14,1,0,7,3,360113,137939,0,65980,0.0,0.0,0,0,S3,3,0,0,0,0,0
2024-09-23,Busan,631.0,59,0.5166666666666667,355235,131373,223862,2.7039977468905567,558175.0,31,2,2,12,12,310667,380,178,27661,0.0,0.0,0,0,S3,3,0,0,0,0,0
2024-09-26,Hamburg,634.0,18,0.42105263157894735,335197,39951,295246,8.389992991589908,297220.0,8,2,0,4,4,181956,152038,0,581,0.0,0.0,0,0,S3,3,0,0,0,0,0
2024-10-01,Antwerp,639.0,60,0.18032786885245902,441694,188752,252942,2.340063469189894,-459161.0,11,2,6,35,6,221869,74071,1124,137452,0.0,0.0,0,0,S3,3,0,0,0,0,0
2024-10-02,Antwerp,640.0,81,0.21951219512195122,596912,237732,359180,2.5108504078104428,172776.0,18,1,1,47,14,332486,41703,2343,201837,0.0,0.0,0,0,S3,3,0,0,0,0,0
2024-10-15,Antwerp,653.0,69,0.15714285714285714,810688,219891,590797,3.686755316246157,261587.0,11,5,7,38,8,559620,139733,3839,104089,0.0,0.0,0,0,S3,3,0,0,1,0,0
2024-10-16,Rotterdam,654.0,86,0.16091954022988506,1331373,203133,1128240,6.554161292545807,3215430.0,14,6,4,46,16,143799,225475,0,952210,0.0,0.0,0,0,S3,3,0,0,0,0,0
2024-10-18,Singapore,656.0,127,0.3359375,1789772,942412,847360,1.8991376392303587,1481897.0,43,3,3,76,2,621316,10438,4541,1149950,0.0,0.0,0,0,S3,3,1,0,0,1,0
2024-10-25,Singapore,663.0,115,0.3103448275862069,1621426,658733,962693,2.461427526133462,1233395.0,36,1,0,73,5,992453,36353,0,588826,0.0,0.0,0,0,S3,3,0,0,0,1,0
2024-10-30,Singapore,668.0,123,0.3225806451612903,1736286,846987,889299,2.049953482221708,2431306.0,40,0,3,77,3,737087,0,2573,993119,0.0,0.0,0,0,S3,3,0,0,0,1,0
2024-11-03,Shanghai,672.0,127,0.3203125,1402746,500570,902176,2.8022917827840605,1807468.0,41,33,7,19,27,992108,325037,186,68339,0.0,0.0,0,0,S3,3,0,1,1,0,1
2024-11-04,Hamburg,673.0,18,0.5789473684210527,501043,81484,419559,6.148898570289011,523786.0,11,3,0,2,2,264488,235264,0,0,0.0,0.0,0,0,S3,3,0,0,0,0,0
2024-11-04,Nhava Sheva,673.0,27,0.2857142857142857,605764,19898,585866,20.0,1487612.0,8,1,0,5,13,340658,21802,0,238512,0.0,0.0,0,0,S3,3,0,0,0,0,0
2024-11-05,Hamburg,674.0,16,0.47058823529411764,221286,18221,203065,12.14389199868291,668487.0,8,1,0,3,4,117107,51499,0,49569,0.0,0.0,0,0,S3,3,0,0,0,0,0
2024-11-06,Hamburg,675.0,23,0.5,470084,84589,385495,5.5572053434212085,1224489.0,12,1,0,3,7,387148,26309,0,48214,0.0,0.0,0,0,S3,3,0,0,0,0,0
2024-11-08,Singapore,677.0,110,0.34234234234234234,1311261,713707,597554,1.8372513689071721,738749.0,38,0,8,63,1,646935,0,504,662450,0.0,0.0,0,0,S3,3,0,0,1,0,0
2024-11-09,Nhava Sheva,678.0,20,0.47619047619047616,423358,42796,380562,9.892235437063345,1514406.0,10,2,0,3,5,225951,54033,0,139541,0.0,0.0,0,0,S3,3,0,0,0,0,0
2024-11-09,Rotterdam,678.0,77,0.20512820512820512,1049827,197530,852297,5.314745533612446,3789089.0,16,6,6,39,10,139320,395449,1565,510091,0.0,0.0,0,0,S3,3,0,0,0,0,0
2024-11-10,Hamburg,679.0,22,0.391304347826087,352228,49501,302727,7.115429679608905,1007167.0,9,2,1,3,7,263949,42702,1312,43606,0.0,0.0,0,0,S3,3,0,0,0,0,0
2024-11-11,Singapore,680.0,146,0.24489795918367346,1601587,841095,760492,1.9041667062974976,1905109.0,36,1,4,95,10,1093340,27051,252,473150,0.0,0.0,0,0,S3,3,0,0,0,1,0
2024-11-21,Rotterdam,690.0,102,0.22330097087378642,1777519,298434,1479085,5.956134501650276,3495231.0,23,5,6,51,17,384765,240967,0,1142274,0.0,0.0,0,0,S3,3,0,0,0,0,1
2024-11-24,Nhava Sheva,693.0,18,0.5263157894736842,399702,12705,386997,20.0,1074985.0,10,3,0,2,3,212593,49066,0,136127,0.0,0.0,0,0,S3,3,0,0,0,0,0
2024-11-25,Rotterdam,694.0,73,0.21621621621621623,877602,99544,778058,8.816133407001859,3207508.0,16,3,6,36,12,353016,289847,2865,222333,0.0,0.0,0,0,S3,3,0,0,0,0,0
2024-11-30,Shanghai,699.0,150,0.2781456953642384,1194315,468437,725878,2.549568993121822,1264000.0,42,45,7,39,17,256188,812412,1213,115531,0.0,0.0,0,0,S3,3,0,1,1,0,1
2024-12-01,Singapore,700.0,110,0.3063063063063063,1499346,739189,760157,2.0283634789431675,1477979.0,34,0,3,71,2,663162,0,1874,832382,0.0,0.0,0,0,S3,3,0,0,0,1,0
2024-12-04,Busan,703.0,42,0.5116279069767442,245018,97460,147558,2.5140107324981273,78681.0,22,0,0,8,12,206596,0,0,17060,0.0,0.0,0,0,S3,3,0,0,0,0,0
2024-12-06,Hamburg,705.0,10,0.36363636363636365,219873,24451,195422,8.992025192213315,387838.0,4,1,0,4,1,118022,79863,0,21817,0.0,0.0,0,0,S3,3,0,0,0,0,0
2024-12-14,Hamburg,713.0,17,0.3888888888888889,101560,17613,83947,5.765868059498127,388786.0,7,0,1,1,8,91741,0,0,0,0.0,0.0,0,0,S3,3,0,0,0,0,0
2024-12-14,Singapore,713.0,127,0.34375,1898428,785449,1112979,2.4169940798268508,2374435.0,44,0,4,71,8,1051688,0,618,827682,0.0,0.0,0,0,S3,3,1,0,0,1,0
2024-12-15,Hamburg,714.0,19,0.45,518385,45995,472390,11.27021914949126,695572.0,9,2,1,5,2,275061,192674,303,50347,0.0,0.0,0,0,S3,3,0,0,0,0,0
2024-12-22,Singapore,721.0,111,0.35714285714285715,1947588,806665,1140923,2.4143672846010618,1054726.0,40,0,2,65,4,1319725,0,3330,622605,0.0,0.0,0,0,S3,3,0,0,0,1,0
2024-12-24,Busan,723.0,53,0.5370370370370371,280964,104855,176109,2.679522392614633,219645.0,29,2,0,9,13,222745,14955,0,25505,0.0,0.0,0,0,S3,3,0,0,0,0,0
2024-12-25,Antwerp,724.0,60,0.14754098360655737,341767,146356,195411,2.335159917188792,-381196.0,9,3,4,35,9,129679,108246,3746,91149,0.0,0.0,0,0,S3,3,0,0,0,0,0
2024-12-27,Singapore,726.0,130,0.2748091603053435,2045639,1008150,1037489,2.0290998074693176,3017794.0,36,3,5,80,6,1227923,35921,1820,777083,0.0,0.0,0,0,S3,3,0,0,0,1,0
2024-12-30,Rotterdam,729.0,70,0.28169014084507044,871320,164733,706587,5.2892541916058615,2958283.0,20,2,4,37,7,269872,142772,0,455618,0.0,0.0,0,0,S3,3,0,0,0,0,0
2025-01-02,Hamburg,732.0,15,0.375,267215,50895,216320,5.250216127004086,381484.0,6,2,0,4,3,44464,183813,0,38938,0.0,0.0,0,0,S3,3,0,0,0,0,0
2025-01-03,Antwerp,733.0,57,0.27586206896551724,618998,193778,425220,3.1943502649925946,475590.0,16,1,2,32,6,449105,34760,0,126549,0.0,0.0,0,0,S3,3,0,0,0,0,0
2025-01-03,Shanghai,733.0,119,0.3416666666666667,1752522,603126,1149396,2.905726322980069,2057452.0,41,36,3,28,11,989707,673345,0,77840,0.0,0.0,0,0,S3,3,0,1,0,0,0
2025-01-04,Rotterdam,734.0,75,0.17105263157894737,979434,140128,839306,6.989516802374954,3066616.0,13,3,7,44,8,103161,244462,363,628242,0.0,0.0,0,0,S3,3,0,0,1,0,0
2025-01-05,Busan,735.0,48,0.673469387755102,336423,140838,195585,2.3887062532395147,414360.0,33,0,2,11,2,322051,0,357,12881,0.0,0.0,0,0,S3,3,0,0,0,0,0
2025-01-05,Hamburg,735.0,15,0.6875,373757,54654,319103,6.838477723904492,614660.0,11,1,0,2,1,287202,70795,0,15760,0.0,0.0,0,0,S3,3,0,0,0,0,0
2025-01-05,Singapore,735.0,98,0.32323232323232326,1479442,674405,805037,2.1936963787392165,723460.0,32,1,3,61,1,960106,0,0,514988,0.0,0.0,0,0,S3,3,0,0,0,0,0
2025-01-09,Shanghai,739.0,89,0.35555555555555557,1307349,442673,864676,2.953299719432359,3068009.0,32,22,6,20,9,686900,549599,3275,62098,0.0,0.0,0,0,S3,3,0,0,0,0,0
2025-01-10,Hamburg,740.0,15,0.5,376031,71026,305005,5.29419798104946,1022318.0,8,2,0,4,1,291194,78898,0,5939,0.0,0.0,0,0,S3,3,0,0,0,0,0
2025-01-11,Hamburg,741.0,14,0.26666666666666666,44844,6834,38010,6.560936356986101,1212430.0,4,1,0,5,4,23921,16559,0,504,0.0,0.0,0,0,S3,3,0,0,0,0,0
2025-01-13,Antwerp,743.0,53,0.2777777777777778,571023,244304,326719,2.3373365260637318,-287161.0,15,1,3,29,5,482049,10956,4917,70582,0.0,0.0,0,0,S3,3,0,0,0,0,0
2025-01-16,Hamburg,746.0,14,0.4666666666666667,401863,28454,373409,14.122755227552275,884691.0,7,0,2,3,2,395924,0,0,5939,0.0,0.0,0,0,S3,3,0,0,0,0,0
2025-01-16,Nhava Sheva,746.0,18,0.3157894736842105,407309,43619,363690,9.337666208161394,1667254.0,6,2,0,5,5,114642,0,0,275905,0.0,0.0,0,0,S3,3,0,0,0,0,0
2025-01-18,Busan,748.0,57,0.5862068965517241,442334,158279,284055,2.794629770027799,153609.0,34,2,1,8,12,413112,380,178,15602,0.0,0.0,0,0,S3,3,0,0,0,0,0
2025-01-22,Antwerp,752.0,60,0.26229508196721313,683699,288688,395011,2.368289058467763,242929.0,16,2,4,31,7,511608,12172,3871,151758,0.0,0.0,0,0,S3,3,0,0,0,0,0
2025-01-26,Rotterdam,756.0,69,0.22857142857142856,842205,146523,695682,5.747897955283776,2267316.0,16,4,6,33,10,205324,187500,3161,439276,0.0,0.0,0,0,S3,3,0,0,0,0,0
2025-01-27,Singapore,757.0,122,0.17886178861788618,1086784,510785,575999,2.127669904813366,1269903.0,22,1,4,87,8,380816,13040,0,681711,0.0,0.0,0,0,S3,3,0,0,0,1,0
2025-01-28,Busan,758.0,28,0.6896551724137931,138289,31804,106485,4.348027039773621,208608.0,20,1,1,3,3,127887,0,138,7591,0.0,0.0,0,0,S3,3,0,0,0,0,0
2025-01-30,Hamburg,760.0,18,0.5789473684210527,320574,47078,273496,6.809278022048047,219934.0,11,2,0,2,3,209412,110672,0,0,0.0,0.0,0,0,S3,3,0,0,0,0,0
2025-01-31,Busan,761.0,49,0.56,317409,116878,200531,2.7157059865330813,506303.0,28,2,1,13,5,282139,4564,178,22390,0.0,0.0,0,0,S3,3,0,0,0,0,0
2025-02-01,Singapore,762.0,122,0.3252032520325203,2229365,616630,1612735,3.615395593150523,3708061.0,40,3,2,72,5,1489889,53112,3334,679906,0.0,0.0,0,0,S3,3,0,0,0,1,0
2025-02-03,Nhava Sheva,764.0,25,0.3076923076923077,300602,29513,271089,10.185064715050485,1540356.0,8,2,0,4,11,267050,0,0,29719,0.0,0.0,0,0,S3,3,0,0,0,0,0
2025-02-07,Antwerp,768.0,64,0.27692307692307694,579322,238295,341027,2.4311024943767414,-219400.0,18,1,5,37,3,324895,17419,3541,229576,0.0,0.0,0,0,S3,3,0,0,0,0,0
2025-02-07,Singapore,768.0,130,0.2824427480916031,1764271,725155,1039116,2.432953736851105,2839522.0,37,2,7,79,5,1175917,16337,504,563281,0.0,0.0,0,0,S3,3,0,0,1,1,0
2025-02-09,Rotterdam,770.0,84,0.29411764705882354,1040257,158274,881983,6.5724656452377195,5606826.0,25,1,5,31,22,359468,0,5908,661732,0.0,0.0,0,0,S3,3,0,0,0,0,1
2025-02-10,Busan,771.0,65,0.5454545454545454,409259,143078,266181,2.860370844079145,-45261.0,36,2,2,9,16,369630,5561,316,22644,0.0,0.0,0,0,S3,3,0,0,0,0,0
2025-02-10,Nhava Sheva,771.0,24,0.32,470266,18520,451746,20.0,820295.0,8,6,0,6,4,172128,108656,0,189482,0.0,0.0,0,0,S3,3,0,0,0,0,0
2025-02-13,Antwerp,774.0,55,0.2857142857142857,762864,253988,508876,3.003531649008422,246433.0,16,0,2,30,7,669507,0,0,90109,0.0,0.0,0,0,S3,3,0,0,0,0,0
2025-02-16,Nhava Sheva,777.0,27,0.32142857142857145,744844,22558,722286,20.0,1295995.0,9,4,1,6,7,291942,106566,0,344420,0.0,0.0,0,0,S3,3,0,0,0,0,0
2025-02-19,Shanghai,780.0,135,0.3014705882352941,1700026,587054,1112972,2.895854732520803,2501620.0,41,43,4,32,15,707733,877742,0,81324,0.0,0.0,0,0,S3,3,0,1,0,0,0
2025-02-27,Busan,788.0,50,0.6470588235294118,319522,113413,206109,2.8173065053697073,301359.0,33,3,0,8,6,262338,37707,0,15278,0.0,0.0,0,0,S3,3,0,0,0,0,0
2025-02-28,Shanghai,789.0,25,0.5769230769230769,300427,112692,187735,2.665888741980425,1144365.0,15,0,2,7,1,279182,0,414,19394,0.0,0.0,0,0,S3,3,0,0,0,0,0
2025-03-03,Rotterdam,792.0,95,0.21875,863639,150460,713179,5.739952545842444,3232620.0,21,5,8,47,14,74957,513490,2865,258290,0.0,0.0,0,0,S3,3,0,0,1,0,0
2025-03-04,Nhava Sheva,793.0,27,0.32142857142857145,286539,25518,261021,11.228457227947803,1285987.0,9,5,0,4,9,182539,37424,0,55754,0.0,0.0,0,0,S3,3,0,0,0,0,0
2025-03-05,Singapore,794.0,113,0.3333333333333333,1374813,653373,721440,2.1041746381092605,1603307.0,38,3,4,64,4,887771,24935,513,457370,0.0,0.0,0,0,S3,3,0,0,0,1,0
2025-03-07,Busan,796.0,54,0.6363636363636364,309519,99220,210299,3.119490833593695,316962.0,35,0,0,8,11,280912,0,0,12436,0.0,0.0,0,0,S3,3,0,0,0,0,0
2025-03-07,Hamburg,796.0,19,0.35,336596,57017,279579,5.903328773369813,741381.0,7,1,0,4,7,305375,11792,0,16856,0.0,0.0,0,0,S3,3,0,0,0,0,0
2025-03-09,Nhava Sheva,798.0,19,0.35,528510,16931,511579,20.0,1052436.0,7,5,0,1,6,307628,207400,0,11566,0.0,0.0,0,0,S3,3,0,0,0,0,0
2025-03-09,Rotterdam,798.0,85,0.1744186046511628,809781,155407,654374,5.210677699989705,3551421.0,15,2,6,47,15,201593,111000,4977,479227,0.0,0.0,0,0,S3,3,0,0,0,0,0
2025-03-11,Busan,800.0,49,0.68,268499,104632,163867,2.56610247245133,442121.0,34,1,1,3,10,236006,13968,138,9832,0.0,0.0,0,0,S3,3,0,0,0,0,0
2025-03-16,Busan,805.0,52,0.6792452830188679,404725,127640,277085,3.1708071857788642,199091.0,36,1,3,6,6,372825,4620,357,18686,0.0,0.0,0,0,S3,3,0,0,0,0,0
2025-03-16,Rotterdam,805.0,75,0.19736842105263158,1052851,141027,911824,7.465545849051252,3263438.0,15,3,7,34,16,333422,64895,2426,634122,0.0,0.0,0,0,S3,3,0,0,1,0,0
2025-03-18,Singapore,807.0,120,0.2975206611570248,1713916,931520,782396,1.8399112848770989,715185.0,36,4,2,77,1,849603,108030,2654,752665,0.0,0.0,0,0,S3,3,0,0,0,1,0
2025-03-20,Hamburg,809.0,18,0.47368421052631576,198197,32843,165354,6.034496407258556,743989.0,9,1,2,1,5,181337,0,0,15932,0.0,0.0,0,0,S3,3,0,0,0,0,0
2025-03-20,Singapore,809.0,109,0.33636363636363636,1536905,799557,737348,1.9221932617771318,1118212.0,37,0,4,63,5,1009354,0,2293,521830,0.3,0.0,0,0,S3,3,0,0,0,0,0
2025-03-24,Antwerp,813.0,79,0.225,471613,194935,276678,2.4193222390938565,256879.0,18,1,4,46,10,328527,0,6840,130667,0.0,0.0,0,0,S3,3,0,0,0,0,0
2025-03-24,Nhava Sheva,813.0,19,0.35,536991,53630,483361,10.012697879957488,1234804.0,7,1,1,5,5,148846,21802,0,362510,0.0,0.0,0,0,S3,3,0,0,0,0,0
2025-03-26,Rotterdam,815.0,82,0.20481927710843373,1002418,157360,845058,6.370180667382643,3207096.0,17,4,6,41,14,302098,329091,363,366369,0.0,0.0,0,0,S3,3,0,0,0,0,0
2025-03-27,Hamburg,816.0,15,0.5625,211095,34561,176534,6.107719460679359,62647.0,9,1,0,2,3,171477,33679,0,5939,0.0,0.0,0,0,S3,3,0,0,0,0,0
2025-03-30,Antwerp,819.0,47,0.25,503374,154019,349355,3.268237891182963,-84394.0,12,1,2,30,2,383091,61197,3322,54415,0.0,0.0,0,0,S3,3,0,0,0,0,0
2025-03-30,Rotterdam,819.0,80,0.18518518518518517,987387,170689,816698,5.784679828929638,3212162.0,15,5,8,39,13,217662,314708,3035,443801,0.0,0.0,0,0,S3,3,0,0,1,0,0
2025-03-31,Nhava Sheva,820.0,16,0.23529411764705882,333677,26093,307584,12.787499041925347,769083.0,4,6,0,0,6,202770,126209,0,0,0.0,0.0,0,0,S3,3,0,0,0,0,0
2025-04-02,Hamburg,822.0,19,0.6,387601,45594,342007,8.500954051979384,252249.0,12,1,0,3,3,331489,50173,0,5939,0.0,0.0,0,0,S3,3,0,0,0,0,0
2025-04-05,Hamburg,825.0,14,0.5333333333333333,291500,29474,262026,9.889737065309584,527266.0,8,1,0,3,2,245633,44242,0,504,0.0,0.0,0,0,S3,3,0,0,0,0,0
2025-04-06,Busan,826.0,51,0.6538461538461539,280281,115193,165088,2.433121516745664,369957.0,34,0,2,4,11,259668,0,357,7263,0.0,0.0,0,0,S3,3,0,0,0,0,0
2025-04-06,Nhava Sheva,826.0,20,0.42857142857142855,460724,47615,413109,9.675823252688172,1030411.0,9,2,0,3,6,315588,0,0,141303,0.0,0.0,0,0,S3,3,0,0,0,0,0
2025-04-06,Singapore,826.0,114,0.30434782608695654,1383694,746345,637349,1.8539578158119692,215842.0,35,7,4,63,5,503629,104140,252,765148,0.0,0.0,0,0,S3,3,0,0,0,0,0
2025-04-07,Busan,827.0,38,0.6153846153846154,240095,51208,188887,4.6885313128551624,307025.0,24,0,1,7,6,222964,0,178,11165,0.0,0.0,0,0,S3,3,0,0,0,0,0
2025-04-07,Rotterdam,827.0,64,0.16923076923076924,715023,118195,596828,6.049468679143118,3263010.0,11,0,6,37,10,213672,0,0,491785,0.0,0.0,0,0,S3,3,0,0,0,0,0
2025-04-08,Rotterdam,828.0,98,0.23232323232323232,1329509,205659,1123850,6.464596907517262,3900868.0,23,1,8,55,11,225136,70617,193,1029974,0.0,0.0,0,0,S3,3,0,0,1,0,0
2025-04-12,Shanghai,832.0,49,0.32,494115,205168,288947,2.408331668039519,1021967.0,16,16,1,6,10,263293,189601,0,19840,0.0,0.0,0,0,S3,3,0,0,0,0,0
2025-04-14,Hamburg,834.0,19,0.55,219308,30245,189063,7.250810024466045,320309.0,11,1,0,5,2,186014,26309,0,6230,0.0,0.0,0,0,S3,3,0,0,0,0,0
2025-04-15,Rotterdam,835.0,80,0.2716049382716049,1022054,191490,830564,5.337347447138508,3254915.0,22,1,7,35,15,428127,32854,193,553472,0.0,0.0,0,0,S3,3,0,0,1,0,0
2025-04-19,Singapore,839.0,118,0.33613445378151263,1994713,820441,1174272,2.4312663174240225,1605556.0,40,2,4,68,4,1508574,8168,2048,469547,0.0,0.0,0,0,S3,3,0,0,0,1,0
2025-04-21,Antwerp,841.0,52,0.1509433962264151,468010,126284,341726,3.7059824999010176,-64024.0,8,1,5,35,3,328096,0,5267,132123,0.0,0.0,0,0,S3,3,0,0,0,0,0
2025-04-21,Busan,841.0,50,0.6862745098039216,440570,69833,370737,6.308818054242919,406804.0,35,0,0,7,8,407891,0,0,20399,0.0,0.0,0,0,S3,3,0,0,0,0,0
2025-04-23,Rotterdam,843.0,87,0.18181818181818182,760585,136651,623934,5.56585340865849,3217899.0,16,0,8,47,16,147831,0,0,604850,0.0,0.0,0,0,S3,3,0,0,1,0,0
2025-04-24,Hamburg,844.0,20,0.42857142857142855,414814,57912,356902,7.1627095816138,553525.0,9,1,1,4,5,322996,91515,303,0,0.0,0.0,0,0,S3,3,0,0,0,0,0
2025-04-24,Singapore,844.0,119,0.3333333333333333,1677886,821396,856490,2.042722337675935,1853649.0,40,3,4,67,5,852689,40746,252,768981,0.0,0.0,0,0,S3,3,0,0,0,1,0
2025-04-26,Rotterdam,846.0,83,0.10714285714285714,1044296,133047,911249,7.849016896157778,2989790.0,9,3,6,59,6,58179,169667,386,811321,0.0,0.0,0,0,S3,3,0,0,0,0,0
2025-04-28,Busan,848.0,61,0.4838709677419355,307097,133835,173262,2.2945769449176603,165641.0,30,3,0,16,12,252494,12655,0,28557,0.0,0.0,0,0,S3,3,0,0,0,0,0
2025-05-04,Antwerp,854.0,49,0.28,554337,193782,360555,2.860606967587456,-142052.0,14,1,1,28,5,372708,37225,1752,138576,0.0,0.0,0,0,S3,3,0,0,0,0,0
2025-05-04,Shanghai,854.0,119,0.2916666666666667,1095805,464579,631226,2.358700331482199,1905519.0,35,40,5,22,17,492132,445017,414,127253,0.0,0.0,0,0,S3,3,0,1,0,0,1
2025-05-09,Rotterdam,859.0,101,0.19607843137254902,996137,176648,819489,5.6390752282775445,3734627.0,20,7,6,52,16,234864,335024,193,414074,0.0,0.0,0,0,S3,3,0,0,0,0,0
2025-05-11,Rotterdam,861.0,84,0.16470588235294117,1202942,128733,1074209,9.34440008078674,3710764.0,14,3,7,48,12,302270,207137,1466,671282,0.0,0.0,0,0,S3,3,0,0,1,0,0
2025-05-15,Singapore,865.0,120,0.36363636363636365,1594735,827768,766967,1.9265459325004923,343998.0,44,3,4,64,5,1149495,4520,1717,416356,0.0,0.0,0,0,S3,3,1,0,0,1,0
2025-05-18,Shanghai,868.0,138,0.302158273381295,1195013,479175,715838,2.493891597241932,2025380.0,42,46,9,29,12,390758,675155,1333,110873,0.0,0.0,0,0,S3,3,0,1,1,0,0
2025-05-26,Nhava Sheva,876.0,17,0.2777777777777778,329604,29597,300007,11.136022704236773,755260.0,5,6,0,1,5,194065,111166,0,18624,0.3,0.0,0,0,S3,3,0,0,0,0,0
2025-05-27,Busan,877.0,42,0.5348837209302325,311212,100004,211208,3.111964401779911,371352.0,23,2,1,13,3,267395,18720,0,19986,0.0,0.0,0,0,S3,3,0,0,0,0,0
2025-05-30,Busan,880.0,52,0.7169811320754716,317665,116670,200995,2.722741726735864,579007.0,38,2,0,5,7,294009,9071,0,5996,0.0,0.0,0,0,S3,3,0,0,0,0,0
2025-05-31,Singapore,881.0,132,0.2556390977443609,1855952,999660,856292,1.8565813810881888,910221.0,34,2,6,84,6,858091,94619,1897,896706,0.0,0.0,0,0,S3,3,0,0,0,1,0
2025-06-02,Busan,883.0,57,0.603448275862069,302673,103779,198894,2.91648679899788,826854.0,35,1,2,9,10,257856,5293,357,26664,0.0,0.0,0,0,S3,3,0,0,0,0,0
2025-06-02,Shanghai,883.0,137,0.2826086956521739,1196659,478320,718339,2.501790638504268,1453705.0,39,43,9,31,15,639933,369636,2117,157588,0.0,0.0,0,0,S3,3,0,1,1,0,0
2025-06-03,Singapore,884.0,124,0.336,1626449,870017,756432,1.869442931065794,2629613.0,42,3,1,73,5,938192,21209,0,663847,0.0,0.0,0,0,S3,3,0,0,0,1,0
2025-06-04,Hamburg,885.0,22,0.5217391304347826,391896,48207,343689,8.1292731496847,175678.0,12,2,0,2,6,237641,137151,0,16124,0.0,0.0,0,0,S3,3,0,0,0,0,0
2025-06-05,Hamburg,886.0,14,0.7333333333333333,370355,41522,328833,8.919273655564385,528886.0,11,1,0,1,1,317833,51702,0,0,0.0,0.0,0,0,S3,3,0,0,0,0,0
2025-06-06,Rotterdam,887.0,85,0.23255813953488372,1144423,217427,926996,5.263457328402966,3068253.0,20,4,7,43,11,328118,257444,1996,545138,0.0,0.0,0,0,S3,3,0,0,1,0,0
2025-06-07,Hamburg,888.0,5,0.3333333333333333,38742,607,38135,20.0,405543.0,2,0,0,1,2,37927,0,0,0,0.0,0.0,0,0,S3,3,0,0,0,0,0
2025-06-09,Rotterdam,890.0,78,0.21518987341772153,1061826,173559,888267,6.117918875316893,3440216.0,17,4,4,42,11,196004,289701,386,567500,0.0,0.0,0,0,S3,3,0,0,0,0,0
2025-06-10,Antwerp,891.0,53,0.2777777777777778,509465,213740,295725,2.3835623488240443,256049.0,15,2,3,25,8,398049,0,0,109472,0.0,0.0,0,0,S3,3,0,0,0,0,0
2025-06-10,Rotterdam,891.0,90,0.18681318681318682,725144,123620,601524,5.865864214008947,3671289.0,17,1,7,49,16,257289,34220,637,419142,0.0,0.0,0,0,S3,3,0,0,1,0,0
2025-06-11,Busan,892.0,63,0.546875,411037,151176,259861,2.7189122684006164,289424.0,35,4,1,12,11,360665,18516,178,16697,0.0,0.0,0,0,S3,3,0,0,0,0,0
2025-06-13,Shanghai,894.0,95,0.375,1012661,363976,648685,2.7822115133648553,2140240.0,36,32,5,13,9,564058,378433,1263,50372,0.0,0.0,0,0,S3,3,0,1,0,0,0
2025-06-14,Hamburg,895.0,15,0.4375,257151,43336,213815,5.933751759466507,590794.0,7,3,0,3,2,68371,119790,0,67834,0.0,0.0,0,0,S3,3,0,0,0,0,0
2025-06-19,Hamburg,900.0,18,0.42105263157894735,227437,29410,198027,7.733059059535548,529016.0,8,1,3,2,4,189602,32249,5586,0,0.0,0.0,0,0,S3,3,0,0,0,0,0
2025-06-19,Singapore,900.0,140,0.2624113475177305,1974213,860214,1113999,2.2950227559389225,1466273.0,37,9,4,88,2,997354,100807,3049,864609,0.0,0.0,0,0,S3,3,0,0,0,1,0
2025-06-22,Nhava Sheva,903.0,16,0.29411764705882354,327451,17316,310135,18.909222151642894,398785.0,5,2,0,4,5,139336,0,0,176514,0.0,0.0,0,0,S3,3,0,0,0,0,0
2025-06-23,Rotterdam,904.0,87,0.2159090909090909,1397597,155993,1241604,8.959299716655769,4620174.0,19,3,6,42,17,252147,413331,193,718551,0.0,0.0,0,0,S3,3,0,0,0,0,1
2025-06-23,Shanghai,904.0,130,0.31297709923664124,1077745,456359,621386,2.361611447103164,498021.0,41,42,8,28,11,320209,689378,2079,65764,0.0,0.0,0,0,S3,3,0,1,1,0,0
2025-06-27,Hamburg,908.0,14,0.6,414069,60705,353364,6.820890850986723,400607.0,9,0,0,1,4,412226,0,0,0,0.0,0.0,0,0,S3,3,0,0,0,0,0
2025-06-28,Hamburg,909.0,15,0.4375,171987,32930,139057,5.222647353557439,567753.0,7,1,1,3,3,86737,81785,2410,0,0.0,0.0,0,0,S3,3,0,0,0,0,0
2025-06-28,Shanghai,909.0,132,0.3533834586466165,1326207,532928,793279,2.4885247378168573,2672689.0,47,39,6,23,17,707200,537351,5267,54042,0.0,0.0,0,0,S3,3,1,1,0,0,1
2025-07-01,Hamburg,912.0,17,0.7222222222222222,432484,41729,390755,10.36386292834891,661463.0,13,1,0,1,2,311681,115542,0,5261,0.0,0.0,0,0,S3,3,0,0,0,0,0
2025-07-02,Antwerp,913.0,60,0.21311475409836064,431298,156528,274770,2.755387180650231,750587.0,13,2,2,31,12,295631,58175,0,68168,0.0,0.0,0,0,S3,3,0,0,0,0,0
2025-07-02,Rotterdam,913.0,78,0.26582278481012656,829965,149596,680369,5.548005641824368,3234876.0,21,3,5,37,12,294023,210799,0,321223,0.0,0.0,0,0,S3,3,0,0,0,0,0
2025-07-03,Busan,914.0,45,0.5652173913043478,212417,85283,127134,2.4907016556446697,201879.0,26,1,3,7,8,186627,380,316,10425,0.0,0.0,0,0,S3,3,0,0,0,0,0
2025-07-10,Busan,921.0,46,0.5531914893617021,241730,81404,160326,2.9694736195565383,292419.0,26,1,0,10,9,206725,0,0,25201,0.0,0.0,0,0,S3,3,0,0,0,0,0
2025-07-11,Shanghai,922.0,109,0.3,1077954,438147,639807,2.4602508741338545,136363.0,33,40,3,21,12,422163,595039,2288,37508,0.0,0.0,0,0,S3,3,0,1,0,0,0
2025-07-13,Rotterdam,924.0,79,0.175,735474,129033,606441,5.699846552071547,3712399.0,14,3,6,46,10,77531,180757,3458,463346,0.0,0.0,0,0,S3,3,0,0,0,0,0
2025-07-14,Hamburg,925.0,19,0.6,589738,40120,549618,14.69898556865482,575511.0,12,1,0,1,5,347985,222158,0,16246,0.0,0.0,0,0,S3,3,0,0,0,0,0
2025-07-25,Antwerp,936.0,62,0.19047619047619047,713019,275826,437193,2.585022495984802,946853.0,12,3,2,37,8,501090,12838,0,194671,0.0,0.0,0,0,S3,3,0,0,0,0,0
2025-07-26,Shanghai,937.0,125,0.2857142857142857,1786569,727973,1058596,2.454165945487064,2086898.0,36,41,6,25,17,1129510,517888,243,118312,0.0,0.0,0,0,S3,3,0,1,0,0,1
2025-07-27,Singapore,938.0,112,0.2920353982300885,1442227,582910,859317,2.4741804495025828,1876340.0,33,1,4,73,1,688729,8168,252,744114,0.0,0.0,0,0,S3,3,0,0,0,1,0
2025-07-30,Busan,941.0,59,0.5666666666666667,471353,171991,299362,2.740551886134239,63562.0,34,4,2,10,9,350493,94653,178,16859,0.0,0.0,0,0,S3,3,0,0,0,0,0
2025-08-01,Shanghai,943.0,191,0.265625,1985583,815086,1170497,2.4360381161765554,3405553.0,51,73,5,47,15,841866,909822,875,214554,0.0,0.0,0,0,S3,3,1,1,0,0,0
2025-08-02,Shanghai,944.0,141,0.2676056338028169,1220673,436218,784455,2.7983031458969005,3131412.0,38,41,11,33,18,788951,357707,0,51209,0.0,0.0,0,0,S3,3,0,1,1,0,1
2025-08-04,Busan,946.0,42,0.5348837209302325,279528,78124,201404,3.5779584,352125.0,23,0,2,10,7,239057,0,357,29335,0.0,0.0,0,0,S3,3,0,0,0,0,0
2025-08-05,Busan,947.0,68,0.5362318840579711,426413,107584,318829,3.9634986289910303,789323.0,37,3,1,11,16,329733,60049,272,20101,0.0,0.0,0,0,S3,3,0,0,0,0,0
2025-08-17,Rotterdam,959.0,68,0.21739130434782608,1098325,125035,973290,8.784070187785918,3415342.0,15,1,7,36,9,142349,87070,2174,860954,0.0,0.0,0,0,S3,3,0,0,1,0,0
2025-08-19,Busan,961.0,50,0.6470588235294118,281766,111788,169978,2.5205163298714544,188077.0,33,1,1,6,9,262063,0,0,11353,0.0,0.0,0,0,S3,3,0,0,0,0,0
2025-08-19,Singapore,961.0,124,0.312,1580383,827646,752737,1.9094891904398856,1194031.0,39,1,3,79,2,1030025,8168,252,533390,0.0,0.0,0,0,S3,3,0,0,0,1,0
2025-08-20,Rotterdam,962.0,69,0.18571428571428572,848146,119051,729095,7.124164230756308,3613308.0,13,3,6,32,15,122299,168878,0,551898,0.0,0.0,0,0,S3,3,0,0,0,0,0
2025-08-22,Hamburg,964.0,12,0.38461538461538464,283564,11486,272078,20.0,228992.0,5,0,0,3,4,281123,0,0,612,0.0,0.0,0,0,S3,3,0,0,0,0,0
2025-08-22,Rotterdam,964.0,97,0.2653061224489796,851354,127090,724264,6.6987748935801905,4029530.0,26,4,5,51,11,127172,143075,830,565203,0.0,0.0,0,0,S3,3,0,0,0,0,0
2025-08-27,Singapore,969.0,109,0.32727272727272727,1529527,807257,722270,1.8947189126648483,2195086.0,36,1,2,67,3,793768,34031,0,700373,0.0,0.0,0,0,S3,3,0,0,0,1,0
2025-08-28,Shanghai,970.0,138,0.30935251798561153,1946656,683901,1262755,2.8463961210816753,1994368.0,43,50,6,21,18,912574,910558,0,85906,0.0,0.0,0,0,S3,3,1,1,0,0,1
2025-08-29,Hamburg,971.0,22,0.391304347826087,268897,48610,220287,5.531608072247022,531882.0,9,1,2,7,3,120469,77401,0,70926,0.0,0.0,0,0,S3,3,0,0,0,0,0
2025-08-31,Shanghai,973.0,112,0.25663716814159293,1613324,442101,1171223,3.649212172756513,3012680.0,29,39,7,27,10,531981,871125,1020,171184,0.0,0.0,0,0,S3,3,0,1,1,0,0
2025-09-03,Hamburg,976.0,18,0.5789473684210527,251052,36437,214615,6.889840276634283,520217.0,11,2,0,3,2,121062,110530,0,16415,0.0,0.0,0,0,S3,3,0,0,0,0,0
2025-09-05,Hamburg,978.0,14,0.5333333333333333,356615,58692,297923,6.0759375053243145,535872.0,8,1,0,2,3,217038,134425,0,3928,0.0,0.0,0,0,S3,3,0,0,0,0,0
2025-09-13,Rotterdam,986.0,67,0.17647058823529413,771914,87208,684706,8.851311217878889,2834718.0,12,3,7,35,10,43622,403561,557,321287,0.0,0.0,0,0,S3,3,0,0,1,0,0
2025-09-17,Busan,990.0,54,0.5818181818181818,354982,112353,242629,3.1594958790964274,155741.0,32,0,1,9,12,324161,0,0,15771,0.0,0.0,0,0,S3,3,0,0,0,0,0
2025-09-20,Rotterdam,993.0,84,0.25882352941176473,961240,183169,778071,5.247802587760004,3116568.0,22,4,5,42,11,463234,138083,386,351013,0.0,0.0,0,0,S3,3,0,0,0,0,0
2025-09-23,Rotterdam,996.0,82,0.21686746987951808,1155167,193056,962111,5.9835540798831435,3211794.0,18,2,6,39,17,114901,367765,193,657205,0.0,0.0,0,0,S3,3,0,0,0,0,1
2025-09-25,Shanghai,998.0,116,0.3247863247863248,1583918,518060,1065858,3.057396715830761,2652493.0,38,37,9,19,13,514218,932297,1242,98931,0.0,0.0,0,0,S3,3,0,1,1,0,0
2025-09-28,Singapore,1001.0,102,0.2815533980582524,1251237,519108,732129,2.4103550506733655,1793515.0,29,1,5,62,5,653128,29255,3843,556178,0.0,0.0,0,0,S3,3,0,0,0,0,0
2025-10-02,Hamburg,1005.0,18,0.47368421052631576,573635,89204,484431,6.430525194776077,933736.0,9,2,0,3,4,438716,118597,0,13919,0.0,0.0,0,0,S3,3,0,0,0,0,0
2025-10-03,Shanghai,1006.0,116,0.3247863247863248,1437610,616355,821255,2.3324345021383746,1701619.0,38,36,4,26,12,783143,514844,1526,121018,0.0,0.0,0,0,S3,3,0,1,0,0,0
2025-10-04,Antwerp,1007.0,28,0.1724137931034483,158824,48972,109852,3.2430931329508095,665817.0,5,1,1,18,3,44841,26067,0,87916,0.0,0.0,0,0,S3,3,0,0,0,0,0
2025-10-05,Antwerp,1008.0,27,0.17857142857142858,218194,46219,171975,4.7207702293379485,796752.0,5,1,1,15,5,183385,17682,604,14143,0.0,0.0,0,0,S3,3,0,0,0,0,0
2025-10-07,Hamburg,1010.0,17,0.4444444444444444,423996,45038,378958,9.413974555385332,918261.0,8,3,1,3,2,251912,159349,303,8605,0.0,0.0,0,0,S3,3,0,0,0,0,0
2025-10-07,Nhava Sheva,1010.0,8,0.2222222222222222,238354,3299,235055,20.0,659239.0,2,3,0,1,2,161735,61338,0,7358,0.0,0.0,0,0,S3,3,0,0,0,0,0
2025-10-08,Shanghai,1011.0,110,0.3153153153153153,883450,357311,526139,2.472489029195773,1454532.0,35,28,3,26,18,399439,357868,414,102391,0.0,0.0,0,0,S3,3,0,1,0,0,1
2025-10-10,Rotterdam,1013.0,74,0.08,713481,128650,584831,5.54586439281467,2993400.0,6,4,6,45,13,8773,200622,0,497159,0.0,0.0,0,0,S3,3,0,0,0,0,0
2025-10-15,Hamburg,1018.0,15,0.375,102833,6160,96673,16.690959259860414,616908.0,6,0,0,6,3,55251,0,0,47582,0.0,0.0,0,0,S3,3,0,0,0,0,0
2025-10-16,Antwerp,1019.0,51,0.17307692307692307,638166,213574,424592,2.9880182605642047,504920.0,9,2,0,28,12,465573,28629,0,136645,0.0,0.0,0,0,S3,3,0,0,0,0,0
2025-10-18,Antwerp,1021.0,51,0.21153846153846154,524752,156489,368263,3.3532621892772703,691293.0,11,4,1,28,7,308551,62848,0,148019,0.0,0.0,0,0,S3,3,0,0,0,0,0
2025-10-21,Nhava Sheva,1024.0,15,0.1875,406463,42330,364133,9.602017434031797,961453.0,3,4,1,3,4,298426,55583,0,46705,0.0,0.0,0,0,S3,3,0,0,0,0,0
2025-10-25,Antwerp,1028.0,44,0.28888888888888886,415562,166876,248686,2.490229330584802,417070.0,13,3,3,19,6,268294,73486,0,71305,0.0,0.0,0,0,S3,3,0,0,0,0,0
2025-10-25,Singapore,1028.0,117,0.3644067796610169,1610785,861214,749571,1.8703633819661758,2079782.0,43,2,4,66,2,765508,35516,547,808418,0.0,0.0,0,0,S3,3,1,0,0,1,0
2025-10-26,Shanghai,1029.0,132,0.2556390977443609,1524748,636618,888130,2.395071463465589,1116197.0,34,46,7,29,16,861144,401982,3383,202124,0.0,0.0,0,0,S3,3,0,1,1,0,0
2025-11-04,Shanghai,1038.0,123,0.3387096774193548,1432573,579487,853086,2.472135747418411,1719892.0,42,39,8,19,15,397971,904912,1899,108367,0.0,0.0,0,0,S3,3,0,1,1,0,0
2025-11-05,Antwerp,1039.0,64,0.2153846153846154,803554,299353,504201,2.684293512029236,747032.0,14,1,4,38,7,664811,34228,4811,96635,0.0,0.0,0,0,S3,3,0,0,0,0,0
2025-11-05,Singapore,1039.0,138,0.2517985611510791,1880624,967967,912657,1.9428576151277728,920000.0,35,4,7,85,7,1056440,51676,1205,767494,0.0,0.0,0,0,S3,3,0,0,1,1,0
2025-11-06,Busan,1040.0,46,0.6170212765957447,254765,106069,148696,2.4018572640708964,374085.0,29,0,1,7,9,239210,0,0,10433,0.0,0.0,0,0,S3,3,0,0,0,0,0
2025-11-08,Hamburg,1042.0,11,0.4166666666666667,230442,4569,225873,20.0,491210.0,5,1,0,4,1,146957,40769,0,42226,0.0,0.0,0,0,S3,3,0,0,0,0,0
2025-11-09,Nhava Sheva,1043.0,6,0.2857142857142857,190531,18572,171959,10.258493512087439,815849.0,2,1,0,1,2,166503,0,0,13492,0.0,0.0,0,0,S3,3,0,0,0,0,0
2025-11-09,Singapore,1043.0,126,0.30708661417322836,1618283,852800,765483,1.897609172597124,518064.0,39,2,4,76,5,807055,38572,0,766997,0.0,0.0,0,0,S3,3,0,0,0,1,0
2025-11-11,Singapore,1045.0,135,0.3382352941176471,1731707,939058,792649,1.8440875386956517,1187329.0,46,3,3,77,6,1399735,22438,252,300745,0.0,0.0,0,0,S3,3,1,0,0,1,0
2025-11-12,Rotterdam,1046.0,91,0.20652173913043478,883965,143416,740549,6.163599852179309,3038654.0,19,1,6,51,14,326791,69129,193,479920,0.0,0.0,0,0,S3,3,0,0,0,0,0
2025-11-16,Antwerp,1050.0,52,0.32075471698113206,580769,228414,352355,2.542604469934111,-310164.0,17,2,0,26,7,476073,0,0,84987,0.0,0.0,0,0,S3,3,0,0,0,0,0
2025-11-17,Antwerp,1051.0,40,0.12195121951219512,286443,86564,199879,3.308993242072431,-225275.0,5,3,0,27,5,111802,57537,0,112682,0.0,0.0,0,0,S3,3,0,0,0,0,0
2025-11-18,Antwerp,1052.0,74,0.22666666666666666,886159,178678,707481,4.959502795515982,479603.0,17,3,2,44,8,723736,58595,951,100224,0.0,0.0,0,0,S3,3,0,0,0,0,0
2025-11-18,Rotterdam,1052.0,82,0.21686746987951808,1047434,202661,844773,5.168378877145197,3021649.0,18,5,6,39,14,386988,146695,0,510005,0.0,0.0,0,0,S3,3,0,0,0,0,0
2025-11-23,Rotterdam,1057.0,63,0.265625,843717,112749,730968,7.483077605321507,3338331.0,17,1,4,34,7,82343,35944,635,714563,0.0,0.0,0,0,S3,3,0,0,0,0,0
2025-11-25,Singapore,1059.0,133,0.31343283582089554,1787490,785878,1001612,2.2745104526269313,2156994.0,42,2,3,78,8,914624,21132,0,843941,0.0,0.0,0,0,S3,3,0,0,0,1,0
2025-11-27,Busan,1061.0,60,0.5245901639344263,347202,121624,225578,2.854692702980473,186617.0,32,5,3,9,11,299077,18605,1648,14090,0.0,0.0,0,0,S3,3,0,0,0,0,0
2025-12-02,Antwerp,1066.0,53,0.2222222222222222,633541,174111,459430,3.6386980793971695,857380.0,12,2,2,27,10,393584,86447,2100,143794,0.0,0.0,0,0,S3,3,0,0,0,0,0
2025-12-03,Antwerp,1067.0,58,0.22033898305084745,668714,91953,576761,7.272266568066642,1377321.0,13,0,3,29,13,573298,0,358,88606,0.0,0.0,0,0,S3,3,0,0,0,0,0
2025-12-05,Nhava Sheva,1069.0,16,0.23529411764705882,659778,72535,587243,9.095869637145693,1009834.0,4,7,0,4,1,401445,46818,0,209599,0.0,0.0,0,0,S3,3,0,0,0,0,0
2025-12-10,Hamburg,1074.0,15,0.5625,340683,30293,310390,11.24589027530204,273272.0,9,2,0,0,4,285223,54667,0,0,0.0,0.0,0,0,S3,3,0,0,0,0,0
2025-12-11,Busan,1075.0,46,0.6808510638297872,347938,140172,207766,2.4822041334636484,276731.0,32,1,0,6,7,312733,0,0,8294,0.0,0.0,0,0,S3,3,0,0,0,0,0
2025-12-13,Rotterdam,1077.0,90,0.1978021978021978,1061340,174871,886469,6.069239214968663,3117027.0,18,2,6,54,10,411530,176992,2849,467806,0.0,0.0,0,0,S3,3,0,0,0,0,0
2025-12-14,Busan,1078.0,43,0.5227272727272727,275071,107943,167128,2.5482750314978135,121891.0,23,4,3,7,6,150514,99260,357,9105,0.0,0.0,0,0,S3,3,0,0,0,0,0
2025-12-16,Hamburg,1080.0,15,0.4375,216246,24995,191251,8.65122419587134,286496.0,7,2,1,3,2,92602,106255,0,17389,0.0,0.0,0,0,S3,3,0,0,0,0,0
2025-12-20,Hamburg,1084.0,16,0.35294117647058826,266387,30470,235917,8.742312362574252,464011.0,6,0,2,3,5,248825,0,0,17562,0.0,0.0,0,0,S3,3,0,0,0,0,0
2025-12-20,Shanghai,1084.0,101,0.35294117647058826,1377489,567619,809870,2.42678024030161,1641123.0,36,31,7,16,11,812410,466442,1626,49637,0.0,0.0,0,0,S3,3,0,1,1,0,0
2025-12-22,Rotterdam,1086.0,89,0.2111111111111111,937518,154990,782528,6.048854449613203,2469187.0,19,3,4,52,11,397208,70987,2990,457819,0.0,0.0,0,0,S3,3,0,0,0,0,0
2025-12-25,Rotterdam,1089.0,55,0.07142857142857142,645526,102596,542930,6.291860385781261,2388330.0,4,2,1,40,8,7287,118832,0,517107,0.0,0.0,0,0,S3,3,0,0,0,0,0
2025-12-28,Rotterdam,1092.0,66,0.2537313432835821,736693,125704,610989,5.860490831709161,3619982.0,17,3,7,30,9,174184,181100,3993,370386,0.0,0.0,0,0,S3,3,0,0,1,0,0
2025-12-29,Singapore,1093.0,132,0.3082706766917293,1579224,819078,760146,1.9280484544225893,2559260.0,41,1,5,82,3,1057615,2821,252,511515,0.0,0.0,1,2,S3,3,0,0,0,1,0
2025-12-31,Busan,1095.0,45,0.6304347826086957,364313,92993,271320,3.9175968342043572,387521.0,29,2,0,8,6,327407,5293,0,20985,0.0,0.0,1,1,S3,3,0,0,0,0,0
2026-01-01,Hamburg,1096.0,10,0.6363636363636364,71683,9701,61982,7.388476602762317,408302.0,7,0,0,2,1,68381,0,0,3302,0.0,0.0,1,1,S3,3,0,0,0,0,0
2026-01-01,Rotterdam,1096.0,75,0.11842105263157894,1093515,108761,984754,10.054200915761019,3990712.0,9,2,1,44,19,163724,109129,193,793224,0.0,0.0,1,1,S3,3,0,0,0,0,1
2026-01-03,Hamburg,1098.0,15,0.625,439563,79106,360457,5.556562630361409,887275.0,10,1,0,3,1,277991,114481,0,45776,0.0,0.0,1,2,S3,3,0,0,0,0,0
2026-01-04,Antwerp,1099.0,47,0.25,573943,226977,346966,2.528628325212135,420774.0,12,2,3,25,5,351954,22506,3630,192741,0.0,0.0,0,0,S3,3,0,0,0,0,0
2026-01-04,Rotterdam,1099.0,65,0.24242424242424243,538347,86603,451744,6.2161909380629075,3094688.0,16,2,5,27,15,108049,215990,3775,202679,0.0,0.0,0,0,S3,3,0,0,0,0,0
2026-01-05,Antwerp,1100.0,55,0.21428571428571427,553966,233576,320390,2.371663305890563,818182.0,12,2,1,33,7,340486,41929,3690,161592,0.0,0.0,1,3,S3,3,0,0,0,0,0
2026-01-05,Busan,1100.0,47,0.6041666666666666,308533,91641,216892,3.3667204993343662,455157.0,29,2,1,9,6,257741,23249,178,13173,0.0,0.0,1,3,S3,3,0,0,0,0,0
2026-01-06,Antwerp,1101.0,73,0.2702702702702703,776384,314204,462180,2.470947311468627,1153154.0,20,2,2,37,12,504657,25856,604,240572,0.0,0.0,1,39,S3,3,0,0,0,0,0
2026-01-07,Antwerp,1102.0,59,0.25,783580,194014,589566,4.03875988969925,1603249.0,15,0,3,35,6,618170,0,2420,150365,0.0,0.0,1,13,S3,3,0,0,0,0,0
2026-01-10,Busan,1105.0,28,0.6551724137931034,129225,51864,77361,2.4915646389665476,159757.0,19,1,1,4,3,108388,5293,138,12745,0.0,0.0,1,8,S3,3,0,0,0,0,0
2026-01-11,Hamburg,1106.0,9,0.7,177154,27159,149995,6.52260677466863,96708.0,7,0,0,0,2,176824,0,0,0,0.0,0.0,1,2,S3,3,0,0,0,0,0
2026-01-12,Antwerp,1107.0,51,0.28846153846153844,539883,78383,461500,6.8876684017146355,1381015.0,15,0,1,30,5,466682,0,656,70760,0.0,0.0,1,8,S3,3,0,0,0,0,0
2026-01-13,Hamburg,1108.0,12,0.38461538461538464,57756,2513,55243,20.0,234283.0,5,1,0,0,6,29490,20653,0,0,0.0,0.0,1,8,S3,3,0,0,0,0,0
2026-01-18,Rotterdam,1113.0,66,0.1791044776119403,734158,90813,643345,8.084194066994076,3275034.0,12,1,6,36,11,73370,31579,6235,615618,0.0,0.0,1,3,S3,3,0,0,0,0,0
2026-01-21,Antwerp,1116.0,60,0.16393442622950818,446677,158402,288275,2.819877148791374,-612661.0,10,1,5,38,6,245669,32678,3541,161150,0.0,0.0,1,9,S3,3,0,0,0,0,0
2026-01-25,Hamburg,1120.0,18,0.2631578947368421,184525,14757,169768,12.503387992952975,556422.0,5,1,0,5,7,102839,39100,0,39015,0.0,0.0,1,4,S3,3,0,0,0,0,0
2026-01-27,Busan,1122.0,43,0.6136363636363636,221825,80064,141761,2.7705614188471865,253089.0,27,1,1,10,4,192369,5194,138,21855,0.0,0.0,1,44,S3,3,0,0,0,0,0
2026-01-31,Singapore,1126.0,126,0.3464566929133858,1721590,934264,787326,1.842721283575859,1391424.0,44,2,2,71,7,968166,38850,0,698962,0.0,0.0,1,83,S3,3,1,0,0,1,0
2026-02-03,Antwerp,1129.0,44,0.3111111111111111,713962,110372,603590,6.468629103132106,206737.0,14,0,1,24,5,641459,0,4025,64978,0.0,0.0,1,166,S3,3,0,0,0,0,0
2026-02-08,Singapore,1134.0,130,0.29770992366412213,1530480,807603,722877,1.895087196200118,1758519.0,39,3,8,77,3,740780,16233,1367,767040,0.0,0.0,0,0,S3,3,0,0,1,1,0
2026-02-14,Singapore,1140.0,129,0.3,1726629,824785,901844,2.0934266585514303,1456241.0,39,1,3,78,8,1042834,0,0,668878,0.0,0.0,0,0,S3,3,0,0,0,1,0
2026-02-15,Singapore,1141.0,115,0.33620689655172414,1381216,600453,780763,2.300286116838259,1514127.0,39,1,3,69,3,924402,13040,1759,439919,0.0,0.0,0,0,S3,3,0,0,0,1,0
2026-02-16,Antwerp,1142.0,53,0.3148148148148148,516186,183995,332191,2.805419683036588,197512.0,17,0,6,24,6,420279,0,2139,84700,0.0,0.0,0,0,S3,3,0,0,0,0,0
2026-02-16,Rotterdam,1142.0,84,0.18823529411764706,962240,164432,797808,5.851866717751303,2624709.0,16,4,6,49,9,29363,128675,3711,783120,0.0,0.0,0,0,S3,3,0,0,0,0,0
2026-02-17,Busan,1143.0,31,0.625,277529,57888,219641,4.794157784725941,194385.0,20,1,0,6,4,253437,8123,0,13700,0.0,0.0,0,0,S3,3,0,0,0,0,0
2026-02-19,Busan,1145.0,50,0.5294117647058824,341575,101404,240171,3.368423647749125,512379.0,27,3,2,7,11,309423,4592,178,21075,0.0,0.0,0,0,S3,3,0,0,0,0,0
2026-02-25,Shanghai,1151.0,123,0.25,1431851,460843,971008,3.1070188610462544,1107179.0,31,45,6,29,12,537209,803485,1019,77251,0.0,0.0,0,0,S3,3,0,1,0,0,0
2026-03-02,Shanghai,1156.0,79,0.4,831068,339733,491335,2.4462314634390436,2830125.0,32,23,1,16,7,676662,100849,0,47945,0.0,0.0,0,0,S3,3,0,0,0,0,0
2026-03-05,Singapore,1159.0,139,0.32142857142857145,1799100,885209,913891,2.0323990917409427,285913.0,45,1,2,86,5,1110268,24554,1451,660862,0.0,0.0,0,0,S3,3,1,0,0,1,0
2026-03-06,Shanghai,1160.0,102,0.3106796116504854,1000137,336855,663282,2.969034246087349,2002960.0,32,35,4,23,8,536127,352347,850,104040,0.0,0.0,0,0,S3,3,0,1,0,0,0
2026-03-07,Singapore,1161.0,114,0.3217391304347826,1674596,793284,881312,2.110963903263014,1990019.0,37,4,4,65,4,1149999,66059,252,454731,0.0,0.0,0,0,S3,3,0,0,0,1,0
2026-03-10,Singapore,1164.0,127,0.375,1789919,980281,809638,1.8259225406566681,2929804.0,48,1,8,62,8,1358968,82149,0,345958,0.0,0.0,0,0,S3,3,1,0,1,0,0
2026-03-11,Rotterdam,1165.0,89,0.16666666666666666,1157235,205802,951433,5.623022988003091,1994561.0,15,5,6,50,13,414799,110643,0,622719,0.0,0.0,0,0,S3,3,0,0,0,0,0
2026-03-12,Busan,1166.0,55,0.6071428571428571,301831,128423,173408,2.3502694200460974,147641.0,34,1,1,14,5,252440,0,0,43146,0.0,0.0,0,0,S3,3,0,0,0,0,0
2026-03-15,Rotterdam,1169.0,71,0.2777777777777778,839518,105907,733611,7.926861049212524,3344481.0,20,2,6,32,11,283360,145460,638,404456,0.0,0.0,0,0,S3,3,0,0,0,0,0
2026-03-16,Shanghai,1170.0,127,0.2890625,1243913,511907,732006,2.429954210522203,2147154.0,37,39,7,28,16,734284,397880,2376,97778,0.0,0.0,0,0,S3,3,0,1,1,0,0
2026-03-17,Hamburg,1171.0,13,0.42857142857142855,252270,15143,237127,16.6580824088748,289028.0,6,0,1,3,3,246096,0,0,6174,0.0,0.0,0,0,S3,3,0,0,0,0,0
2026-03-21,Rotterdam,1175.0,71,0.1527777777777778,696325,132481,563844,5.255997041107471,2808951.0,11,1,8,37,14,204404,21663,1020,454220,0.0,0.0,0,0,S3,3,0,0,1,0,0
2026-03-24,Antwerp,1178.0,65,0.19696969696969696,531354,222036,309318,2.393087638546729,1006709.0,13,2,4,35,11,365715,26775,3604,129450,0.0,0.0,0,0,S3,3,0,0,0,0,0
2026-03-24,Singapore,1178.0,140,0.2907801418439716,1912045,934817,977228,2.0453660498621122,959099.0,41,5,5,84,5,1191793,55155,756,659930,0.0,0.0,0,0,S3,3,0,0,0,1,0
2026-03-25,Hamburg,1179.0,15,0.375,368840,40292,328548,9.153947335765517,45847.0,6,3,0,2,4,150853,184684,0,30818,0.0,0.0,0,0,S3,3,0,0,0,0,0
2026-03-26,Shanghai,1180.0,120,0.33884297520661155,1194166,505972,688194,2.3601377939139043,2102118.0,41,34,5,26,14,435236,599392,0,131172,0.0,0.0,0,0,S3,3,0,1,0,0,0
2026-03-27,Hamburg,1181.0,22,0.34782608695652173,162617,30113,132504,5.400046490004649,-14974.0,8,0,0,5,9,160363,0,0,1764,0.0,0.0,0,0,S3,3,0,0,0,0,0
2026-03-31,Busan,1185.0,43,0.5454545454545454,390923,119296,271627,3.276888773397487,489607.0,24,0,0,6,13,362582,0,0,6317,0.0,0.0,0,0,S3,3,0,0,0,0,0
2026-04-05,Hamburg,1190.0,14,0.3333333333333333,329024,22567,306457,14.579227224388514,126605.0,5,1,0,4,4,289861,5748,0,30254,0.0,0.0,0,0,S3,3,0,0,0,0,0
2026-04-06,Hamburg,1191.0,23,0.5416666666666666,643901,49418,594483,13.029421882272,688294.0,13,3,0,2,5,322952,319347,0,1602,0.0,0.0,0,0,S3,3,0,0,0,0,0
2026-04-06,Rotterdam,1191.0,63,0.203125,998237,61762,936475,16.16237877046128,3585440.0,13,3,2,36,9,89764,96385,193,800594,0.0,0.0,0,0,S3,3,0,0,0,0,0
2026-04-09,Nhava Sheva,1194.0,14,0.2,604092,67475,536617,8.952694291303574,641881.0,3,5,1,3,2,392068,98372,0,109819,0.0,0.0,0,0,S3,3,0,0,0,0,0
2026-04-18,Nhava Sheva,1203.0,15,0.5,785293,86475,698818,9.081051389981035,1088928.0,8,2,0,3,2,691461,57771,0,34145,0.0,0.0,0,0,S3,3,0,0,0,0,0
2026-04-18,Shanghai,1203.0,90,0.32967032967032966,813405,332442,480963,2.446750269971093,1919142.0,30,25,3,21,11,344850,355034,414,103798,0.0,0.0,0,0,S3,3,0,0,0,0,0
2026-04-23,Shanghai,1208.0,112,0.336283185840708,961675,382149,579526,2.5164856731649876,2539937.0,38,33,6,22,13,610549,286287,2070,44410,0.0,0.0,0,0,S3,3,0,1,0,0,0
2026-04-27,Shanghai,1212.0,96,0.31958762886597936,990224,427036,563188,2.3188248325086587,2001462.0,31,33,5,15,12,312560,542958,2567,115503,0.0,0.0,0,0,S3,3,0,1,0,0,0
2026-04-30,Antwerp,1215.0,59,0.16666666666666666,515871,172250,343621,2.9948795652855424,263908.0,10,2,1,36,10,377233,17176,0,117917,0.0,0.0,0,0,S3,3,0,0,0,0,0
2026-05-02,Busan,1217.0,59,0.6166666666666667,407878,103361,304517,3.946111723844353,365163.0,37,1,2,7,12,374845,5293,686,12217,0.0,0.0,0,0,S3,3,0,0,0,0,0
2026-05-02,Hamburg,1217.0,7,0.75,142773,21726,121047,6.571224743406821,219663.0,6,0,0,1,0,142773,0,0,0,0.0,0.0,0,0,S3,3,0,0,0,0,0
2026-05-05,Busan,1220.0,49,0.5,263830,114819,149011,2.2977704232712073,302603.0,25,2,0,6,16,225211,5466,0,18626,0.0,0.0,0,0,S3,3,0,0,0,0,0
2026-05-05,Rotterdam,1220.0,99,0.22,1003540,181255,822285,5.536589133601095,2979192.0,22,1,8,53,15,279104,2414,193,719569,0.0,0.0,0,0,S3,3,0,0,1,0,0
